#,Season,Name,Tm,PA,BB%,K%,BB/K,AVG,OBP,SLG,OPS,ISO,BABIP,wRC,wRAA,wOBA,wRC+
1,2025,Carlos Santana,2 Tms,148,0.115,0.176,0.7,0.231,0.318,0.346,0.664,0.115,0.257,15,-2.2,0.294,89
2,2025,Jason Heyward,SDP,12,0.083,0.167,0.5,0.364,0.417,0.364,0.78,0,0.444,2,0.4,0.352,130
3,2025,Tommy Pham,PIT,122,0.148,0.197,0.8,0.216,0.328,0.324,0.651,0.108,0.247,12,-2.4,0.289,82
4,2025,Sandy León,ATL,4,0,0.25,0,0,0,0,0,0,0,-1,-1,0,-100
5,2025,Giancarlo Stanton,NYY,78,0.167,0.308,0.5,0.277,0.397,0.554,0.951,0.277,0.361,14,5.2,0.396,158
6,2025,Tucker Barnhart,TEX,5,0,0.4,0,0,0,0,0,0,0,-1,-1.3,0,-100
7,2025,Justin Turner,CHC,109,0.083,0.183,0.5,0.276,0.33,0.429,0.759,0.153,0.312,14,1.3,0.328,112
8,2025,Jon Singleton,HOU,2,0,0,0,0,0,0,0,0,0,0,-0.5,0,-100
9,2025,Freddie Freeman,LAD,175,0.08,0.24,0.3,0.285,0.349,0.506,0.855,0.222,0.339,28,7.3,0.364,136
10,2025,Rob Brantly,MIA,7,0,0.143,0,0.429,0.429,0.429,0.857,0,0.5,1,0.4,0.378,143
11,2025,Jose Altuve,HOU,124,0.097,0.226,0.4,0.261,0.331,0.468,0.799,0.207,0.286,18,2.9,0.342,120
12,2025,Nick Martini,COL,5,0.2,0,1,0,0.2,0,0.2,0,0,0,-0.7,0.138,-33
13,2025,Kyle Higashioka,TEX,110,0.036,0.209,0.2,0.25,0.282,0.404,0.686,0.154,0.291,11,-1.6,0.295,89
14,2025,Nick Ahmed,TEX,7,0,0.286,0,0,0,0,0,0,0,-1,-1.8,0,-100
15,2025,Wilmer Flores,SFG,151,0.06,0.192,0.3,0.236,0.285,0.386,0.67,0.15,0.255,15,-2.6,0.292,88
16,2025,Austin Barnes,LAD,7,0,0.143,0,0.286,0.286,0.429,0.714,0.143,0.333,1,0,0.305,95
17,2025,Martín Maldonado,SDP,52,0.096,0.288,0.3,0.283,0.353,0.413,0.766,0.13,0.4,7,1,0.337,120
18,2025,Omar Narváez,CHW,3,0,0.333,0,0,0,0,0,0,0,0,-0.8,0,-100
19,2025,Salvador Perez,KCR,144,0.042,0.201,0.2,0.213,0.257,0.309,0.566,0.096,0.257,8,-8.8,0.238,45
20,2025,Jesse Winker,NYM,5,0,0.4,0,0.2,0.2,0.6,0.8,0.4,0.333,1,0,0.317,106
21,2025,Travis d'Arnaud,LAA,48,0.042,0.333,0.1,0.178,0.229,0.356,0.585,0.178,0.222,3,-2.3,0.254,59
22,2025,Dom Nuñez,CLE,6,0,0.5,0,0.333,0.333,0.333,0.667,0,0.667,1,-0.1,0.294,88
23,2025,Miguel Rojas,LAD,135,0.096,0.126,0.8,0.295,0.363,0.516,0.879,0.221,0.303,23,6.8,0.376,143
24,2025,Billy McKinney,TEX,1,0,0,0,0,0,0,0,0,0,0,-0.3,0,-100
25,2025,Donovan Solano,2 Tms,101,0.03,0.248,0.1,0.177,0.208,0.24,0.448,0.063,0.225,3,-9.4,0.198,28
26,2025,J.D. Davis,LAA,1,0,0,0,0,0,0,0,0,0,0,-0.3,0,-100
27,2025,Paul Goldschmidt,NYY,168,0.101,0.113,0.9,0.336,0.411,0.57,0.981,0.235,0.35,33,13.5,0.412,169
28,2025,Sergio Alcántara,SFG,2,0,0,0,0,0,0,0,0,0,0,-0.5,0,-100
29,2025,Starling Marte,NYM,147,0.075,0.204,0.4,0.263,0.327,0.406,0.733,0.143,0.31,18,0.9,0.321,109
30,2025,Luis Guillorme,HOU,3,0,0.667,0,0,0,0,0,0,0,0,-0.8,0,-100
31,2025,Christian Vázquez,MIN,60,0.133,0.2,0.7,0.118,0.25,0.137,0.387,0.02,0.154,2,-5.6,0.199,21
32,2025,Aramis Garcia,ARI,2,0,0.5,0,0,0,0,0,0,0,0,-0.5,0,-100
33,2025,Nolan Arenado,STL,112,0.071,0.063,1.1,0.294,0.339,0.402,0.741,0.108,0.295,13,0,0.313,102
34,2025,Vimael Machín,BAL,2,0,0.5,0,0,0,0,0,0,0,0,-0.5,0,-100
35,2025,Andrew McCutchen,PIT,150,0.12,0.24,0.5,0.267,0.353,0.389,0.743,0.122,0.344,19,1.1,0.322,104
36,2025,Tyler Alexander,CHW,1,0,0,0,0,0,0,0,0,0,0,-0.3,0,-100
37,2025,DJ LeMahieu,NYY,51,0.137,0.275,0.5,0.227,0.333,0.227,0.561,0,0.333,4,-1.9,0.268,70
38,2025,Sam Hilliard,COL,4,0.25,0.5,0.5,0,0.25,0,0.25,0,0,0,-0.5,0.173,-10
39,2025,Mike Trout,LAA,105,0.124,0.371,0.3,0.222,0.314,0.367,0.681,0.144,0.34,11,-1.7,0.293,85
40,2025,Garrett Stubbs,PHI,1,0,0,0,0,0,0,0,0,0,0,-0.3,0,-100
41,2025,Jose Iglesias,SDP,137,0.102,0.197,0.5,0.233,0.319,0.342,0.66,0.108,0.293,14,-1.9,0.296,92
42,2025,Seth Brown,ATH,6,0,0.667,0,0,0,0,0,0,0,-1,-1.5,0,-100
43,2025,Randal Grichuk,2 Tms,183,0.06,0.24,0.3,0.227,0.273,0.43,0.703,0.203,0.264,20,-2,0.3,89
44,2025,Jake Fraley,2 Tms,11,0.182,0.273,0.7,0.222,0.364,0.222,0.586,0,0.333,1,-0.2,0.286,78
45,2025,Marcell Ozuna,ATL,141,0.213,0.234,0.9,0.22,0.383,0.349,0.732,0.128,0.28,19,1.9,0.33,111
46,2025,Donovan Walton,PHI,2,0,0,0,0,0,0,0,0,0,0,-0.5,0,-100
47,2025,Enrique Hernández,LAD,108,0.093,0.222,0.4,0.202,0.269,0.415,0.683,0.213,0.191,11,-2,0.29,85
48,2025,Nicky Lopez,2 Tms,2,0,0,0,0,0,0,0,0,0,0,-0.5,0,-100
49,2025,Gio Urshela,ATH,47,0.106,0.255,0.4,0.22,0.298,0.317,0.615,0.098,0.3,4,-1.5,0.274,70
50,2025,Trenton Brooks,SDP,2,0,1,0,0,0,0,0,0,0,0,-0.5,0,-100
51,2025,Jurickson Profar,ATL,107,0.103,0.168,0.6,0.263,0.346,0.411,0.756,0.147,0.297,14,1.8,0.334,114
52,2025,Dairon Blanco,KCR,5,0,0.4,0,0.2,0.2,0.4,0.6,0.2,0.333,0,-0.3,0.25,54
53,2025,Gary Sánchez,BAL,42,0.048,0.262,0.2,0.211,0.262,0.316,0.578,0.105,0.259,3,-2,0.255,61
54,2025,Chuckie Robinson,LAD,2,0,0,0,0,0,0,0,0,0,0,-0.5,0,-100
55,2025,Mark Canha,KCR,69,0.043,0.174,0.3,0.238,0.29,0.317,0.607,0.079,0.275,6,-2.4,0.27,68
56,2025,Carter Kieboom,LAA,2,0,0,0,0,0,0,0,0,0,0,-0.5,0,-100
57,2025,Christian Yelich,MIL,206,0.083,0.277,0.3,0.242,0.316,0.344,0.66,0.102,0.328,21,-3.3,0.293,87
58,2025,Keston Hiura,COL,4,0,0.5,0,0.25,0.25,0.25,0.5,0,0.5,0,-0.3,0.221,23
59,2025,Michael A. Taylor,CHW,139,0.029,0.367,0.1,0.221,0.241,0.45,0.691,0.229,0.312,13,-3,0.286,82
60,2025,Jared Young,NYM,2,0,0,0,0.5,0.5,0.5,1,0,0.5,0,0.2,0.441,191
61,2025,Manny Machado,SDP,187,0.107,0.193,0.6,0.25,0.332,0.494,0.825,0.244,0.246,27,5.3,0.348,128
62,2025,Brewer Hicklen,DET,0,0,0,0,0,0,0,0,0,0,0,0,0,0
63,2025,Bryce Harper,PHI,229,0.083,0.218,0.4,0.273,0.336,0.478,0.815,0.206,0.315,34,7.2,0.352,125
64,2025,CJ Alexander,ATH,1,0,1,0,0,0,0,0,0,0,0,-0.3,0,-100
65,2025,Willson Contreras,STL,145,0.11,0.248,0.4,0.276,0.375,0.488,0.863,0.211,0.349,24,6.9,0.371,142
66,2025,Connor Kaiser,ARI,5,0,0.4,0,0.2,0.2,0.4,0.6,0.2,0.333,0,-0.3,0.25,56
67,2025,Elias Díaz,SDP,87,0.057,0.218,0.3,0.2,0.247,0.313,0.56,0.113,0.224,6,-4.6,0.248,59
68,2025,Nick Maton,CHW,1,1,0,1,0,1,0,1,0,0,0,0.3,0.691,361
69,2025,Nick Castellanos,PHI,188,0.059,0.261,0.2,0.243,0.293,0.387,0.68,0.145,0.306,20,-2.7,0.296,87
70,2025,Carlos Cortes,ATH,5,0,0,0,0.4,0.4,0.4,0.8,0,0.4,1,0.2,0.353,125
71,2025,J.T. Realmuto,PHI,166,0.054,0.259,0.2,0.213,0.265,0.335,0.601,0.123,0.275,13,-6.9,0.262,64
72,2025,Akil Baddoo,DET,2,0,0,0,0.5,0.5,1,1.5,0.5,0.5,1,0.5,0.626,315
73,2025,Joc Pederson,TEX,19,0.316,0.211,1.5,0.231,0.474,0.538,1.012,0.308,0.25,4,1.9,0.438,188
74,2025,Mason McCoy,SDP,6,0.333,0.167,2,0,0.333,0,0.333,0,0,0,-0.4,0.23,47
75,2025,Jon Berti,CHC,30,0.033,0.1,0.3,0.207,0.233,0.207,0.44,0,0.231,1,-2.8,0.2,24
76,2025,Trevor Rogers,BAL,2,0,1,0,0,0,0,0,0,0,0,-0.5,0,-100
77,2025,Max Kepler,PHI,76,0.079,0.224,0.4,0.217,0.276,0.348,0.624,0.13,0.255,7,-2.4,0.274,71
78,2025,George Valera,CLE,5,0,0,0,0,0,0,0,0,0,-1,-1.3,0,-100
79,2025,Xander Bogaerts,SDP,171,0.082,0.152,0.5,0.292,0.345,0.429,0.774,0.136,0.328,22,2.2,0.329,114
80,2025,Michael Siani,STL,3,0,0.333,0,0,0,0,0,0,0,0,-0.8,0,-100
81,2025,Jorge Alfaro,WSN,9,0,0.333,0,0.444,0.444,0.556,1,0.111,0.667,2,0.9,0.433,182
82,2025,Jarred Kelenic,ATL,6,0,0.667,0,0,0,0,0,0,0,-1,-1.5,0,-100
83,2025,Kevin Pillar,TEX,35,0,0.2,0,0.229,0.229,0.286,0.514,0.057,0.286,2,-2.6,0.223,39
84,2025,Steward Berroa,MIL,4,0.25,0.25,1,0,0.25,0,0.25,0,0,0,-0.5,0.173,5
85,2025,Marcus Semien,TEX,144,0.118,0.181,0.7,0.234,0.319,0.323,0.642,0.089,0.265,14,-2.9,0.289,85
86,2025,David Bañuelos,BAL,1,0,1,0,0,0,0,0,0,0,0,-0.3,0,-100
87,2025,Eugenio Suárez,2 Tms,184,0.109,0.31,0.4,0.164,0.261,0.453,0.714,0.289,0.141,20,-1.8,0.301,94
88,2025,Ryan Noda,CHW,4,0.25,0.75,0.3,0,0.25,0,0.25,0,0,0,-0.5,0.173,3
89,2025,Trevor Story,BOS,170,0.053,0.241,0.2,0.258,0.306,0.428,0.734,0.17,0.306,21,0.4,0.316,98
90,2025,Jordyn Adams,BAL,1,0,0,0,0,0,0,0,0,0,0,-0.3,0,-100
91,2025,George Springer,TOR,149,0.141,0.208,0.7,0.254,0.361,0.475,0.836,0.221,0.267,23,5.4,0.358,132
92,2025,Will Banfield,CIN,1,0,0,0,0,0,0,0,0,0,0,-0.3,0,-100
93,2025,James McCann,ARI,50,0.08,0.2,0.4,0.279,0.367,0.419,0.786,0.14,0.344,7,1.4,0.348,123
94,2025,Anthony Seigler,MIL,4,0,0.25,0,0.5,0.5,0.5,1,0,0.667,1,0.4,0.441,189
95,2025,Francisco Lindor,NYM,227,0.088,0.132,0.7,0.235,0.317,0.365,0.682,0.13,0.242,25,-1.8,0.303,97
96,2025,Ji Hwan Bae,PIT,4,0,0.75,0,0,0,0,0,0,0,-1,-1,0,-100
97,2025,Brandon Nimmo,NYM,204,0.059,0.24,0.2,0.261,0.319,0.413,0.732,0.152,0.308,25,0.9,0.319,107
98,2025,Jorbit Vivas,NYY,6,0.167,0,1,0.2,0.333,0.4,0.733,0.2,0.2,1,0.1,0.324,109
99,2025,Austin Hedges,CLE,89,0.112,0.27,0.4,0.169,0.261,0.273,0.534,0.104,0.212,5,-5,0.244,54
100,2025,Jonathan Ornelas,2 Tms,3,0.333,0,1,0.5,0.667,0.5,1.167,0,0.5,1,0.5,0.525,246
101,2025,Javier Báez,DET,134,0.022,0.231,0.1,0.318,0.336,0.434,0.77,0.116,0.402,18,2.1,0.332,113
102,2025,Justin Dean,LAD,0,0,0,0,0,0,0,0,0,0,0,0,0,0
103,2025,Teoscar Hernández,LAD,126,0.04,0.175,0.2,0.25,0.286,0.467,0.752,0.217,0.261,16,0.9,0.322,106
104,2025,Drew Avans,2 Tms,3,0,0.333,0,0,0,0,0,0,0,0,-0.8,0,-100
105,2025,Josh Bell,WSN,120,0.117,0.233,0.5,0.151,0.25,0.302,0.552,0.151,0.162,8,-6.3,0.249,56
106,2025,Michael Stefanic,TOR,5,0.2,0.4,0.5,0,0.2,0,0.2,0,0,0,-0.7,0.138,-20
107,2025,Jorge Polanco,SEA,114,0.061,0.175,0.4,0.305,0.345,0.543,0.888,0.238,0.333,19,5.9,0.377,150
108,2025,Will Robertson,2 Tms,10,0,0.3,0,0.222,0.2,0.222,0.422,0,0.286,0,-1.1,0.176,6
109,2025,Orlando Arcia,2 Tms,56,0.036,0.196,0.2,0.222,0.25,0.315,0.565,0.093,0.262,4,-3,0.248,43
110,2025,Bryan Ramos,CHW,2,0,0,0,0.5,0.5,1,1.5,0.5,0.5,1,0.5,0.626,315
111,2025,Max Muncy,LAD,80,0.088,0.275,0.3,0.157,0.25,0.314,0.564,0.157,0.174,6,-3.9,0.252,59
112,2025,Grant McCray,SFG,4,0,0.5,0,0,0,0,0,0,0,-1,-1,0,-100
113,2025,Ildemaro Vargas,ARI,52,0.019,0.115,0.2,0.26,0.288,0.38,0.668,0.12,0.262,5,-0.9,0.292,85
114,2025,Dustin Harris,TEX,2,0,0.5,0,0,0,0,0,0,0,0,-0.5,0,-100
115,2025,Luke Maile,KCR,19,0.105,0.474,0.2,0.2,0.294,0.267,0.561,0.067,0.5,1,-0.8,0.259,60
116,2025,Blake Sabol,BOS,5,0,0.4,0,0,0,0,0,0,0,-1,-1.3,0,-100
117,2025,Christian Walker,HOU,133,0.06,0.263,0.2,0.248,0.301,0.397,0.697,0.149,0.31,14,-1.4,0.3,92
118,2025,C.J. Stubbs,WSN,1,0,0,0,0,0,0,0,0,0,0,-0.3,0,-100
119,2025,José Ramírez,CLE,196,0.092,0.092,1,0.322,0.385,0.511,0.896,0.19,0.329,33,9.6,0.373,143
120,2025,Troy Johnston,MIA,8,0,0.375,0,0.125,0.125,0.125,0.25,0,0.2,0,-1.3,0.11,-40
121,2025,Mookie Betts,LAD,187,0.091,0.102,0.9,0.261,0.326,0.424,0.75,0.164,0.252,23,1.2,0.321,106
122,2025,Tristin English,ARI,4,0,0.5,0,0,0,0,0,0,0,-1,-1,0,-100
123,2025,Ketel Marte,ARI,184,0.114,0.136,0.8,0.277,0.375,0.516,0.891,0.239,0.28,31,9.6,0.377,143
124,2025,Dominic Fletcher,CHW,6,0.167,0,1,0.2,0.333,0.4,0.733,0.2,0.2,1,0.1,0.324,107
125,2025,Carson Kelly,CHC,126,0.111,0.175,0.6,0.27,0.349,0.459,0.809,0.189,0.294,19,3.8,0.35,127
126,2025,Kenedy Corona,HOU,1,1,0,1,0,1,0,1,0,0,0,0.3,0.691,361
127,2025,Jeimer Candelario,CIN,24,0.083,0.083,1,0.15,0.208,0.5,0.708,0.35,0.056,2,-0.7,0.28,72
128,2025,Gage Workman,CHC,1,0,0,0,0,0,0,0,0,0,0,-0.3,0,-100
129,2025,Corey Seager,TEX,149,0.074,0.248,0.3,0.222,0.295,0.437,0.732,0.215,0.244,18,0.3,0.315,103
130,2025,Jacob Hurtubise,CIN,1,0,0,0,0,0,0,0,0,0,0,-0.3,0,-100
131,2025,Tyrone Taylor,NYM,102,0.088,0.186,0.5,0.211,0.297,0.256,0.553,0.044,0.268,7,-5,0.252,62
132,2025,Drew Romo,COL,2,0,1,0,0,0,0,0,0,0,0,-0.5,0,-100
133,2025,Jacob Stallings,2 Tms,40,0.05,0.45,0.1,0.053,0.1,0.053,0.153,0,0.1,-3,-7.6,0.079,-72
134,2025,Petey Halpin,CLE,1,0,0,0,1,1,1,2,0,1,1,0.5,0.882,494
135,2025,Tomás Nido,DET,10,0,0.1,0,0.444,0.444,0.444,0.889,0,0.5,2,0.6,0.392,154
136,2025,Tsung-Che Cheng,PIT,1,0,1,0,0,0,0,0,0,0,0,-0.3,0,-100
137,2025,Chris Taylor,2 Tms,36,0.056,0.333,0.2,0.118,0.167,0.147,0.314,0.029,0.182,-1,-4.9,0.147,-15
138,2025,Moisés Ballesteros,CHC,4,0.5,0.5,1,0,0.5,0,0.5,0,0,1,0.1,0.346,124
139,2025,Travis Jankowski,TBR,7,0,0.286,0,0.286,0.286,0.286,0.571,0,0.4,0,-0.3,0.252,57
140,2025,Billy Cook,PIT,4,0,0,0,0.5,0.5,0.5,1,0,0.5,1,0.4,0.441,186
141,2025,Rob Refsnyder,BOS,138,0.138,0.232,0.6,0.302,0.399,0.56,0.959,0.259,0.354,27,10.3,0.405,159
142,2025,Chad Stevens,LAA,3,0,1,0,0,0,0,0,0,0,0,-0.8,0,-100
143,2025,Tyler Heineman,TOR,50,0.06,0.12,0.5,0.395,0.449,0.558,1.007,0.163,0.432,11,4.8,0.432,183
144,2025,Niko Kavadas,LAA,4,0,0.75,0,0,0,0,0,0,0,-1,-1,0,-100
145,2025,Eric Haase,MIL,26,0.038,0.385,0.1,0.16,0.192,0.28,0.472,0.12,0.214,1,-2.2,0.207,28
146,2025,Harry Ford,SEA,4,0,0.5,0,0,0,0,0,0,0,-1,-1,0,-100
147,2025,Byron Buxton,MIN,123,0.106,0.195,0.5,0.306,0.374,0.676,1.05,0.37,0.303,26,11.4,0.427,178
148,2025,Tristan Peters,TBR,2,0,1,0,0,0,0,0,0,0,0,-0.5,0,-100
149,2025,Carlos Correa,2 Tms,140,0.107,0.179,0.6,0.272,0.35,0.44,0.79,0.168,0.305,20,3.7,0.345,122
150,2025,Jace Jung,DET,2,0,0,0,0,0,0,0,0,0,0,-0.5,0,-100
151,2025,Jorge Soler,LAA,51,0.098,0.294,0.3,0.217,0.294,0.391,0.685,0.174,0.276,6,-0.5,0.301,90
152,2025,Trey Lipscomb,WSN,1,0,0,0,1,1,1,2,0,1,1,0.5,0.882,490
153,2025,Matt Olson,ATL,216,0.074,0.278,0.3,0.281,0.333,0.459,0.793,0.179,0.368,30,4.5,0.339,117
154,2025,Rhylan Thomas,SEA,1,0,0,0,0,0,0,0,0,0,0,-0.3,0,-100
155,2025,Anthony Santander,TOR,55,0.127,0.364,0.4,0.146,0.255,0.188,0.442,0.042,0.25,2,-4.4,0.214,32
156,2025,Bryce Eldridge,SFG,2,0,0,0,0,0,0,0,0,0,0,-0.5,0,-100
157,2025,Manuel Margot,DET,15,0,0.267,0,0.286,0.267,0.286,0.552,0,0.364,1,-0.9,0.235,46
158,2025,Shinnosuke Ogasawara,WSN,1,0,1,0,0,0,0,0,0,0,0,-0.3,0,-100
159,2025,Kyle Farmer,COL,123,0.089,0.203,0.4,0.252,0.325,0.441,0.767,0.189,0.275,17,2.1,0.334,101
160,2025,Mike Yastrzemski,2 Tms,104,0.067,0.212,0.3,0.138,0.204,0.223,0.427,0.085,0.155,2,-10,0.195,20
161,2025,Victor Caratini,HOU,62,0.016,0.258,0.1,0.208,0.306,0.434,0.74,0.226,0.229,8,0.5,0.323,108
162,2025,Ryan McMahon,2 Tms,129,0.093,0.318,0.3,0.184,0.271,0.263,0.534,0.079,0.264,8,-7.1,0.246,44
163,2025,Mitch Garver,SEA,156,0.115,0.237,0.5,0.233,0.327,0.391,0.718,0.158,0.277,18,0,0.313,107
164,2025,Tim Anderson,LAA,18,0,0.333,0,0.235,0.235,0.294,0.529,0.059,0.364,1,-1.2,0.229,41
165,2025,Jake Bauers,MIL,17,0.118,0.353,0.3,0.2,0.294,0.267,0.561,0.067,0.333,1,-0.7,0.259,64
166,2025,Adam Frazier,2 Tms,67,0.06,0.313,0.2,0.2,0.273,0.333,0.606,0.133,0.289,6,-2.4,0.27,67
167,2025,Austin Wynns,2 Tms,38,0.026,0.368,0.1,0.25,0.263,0.417,0.68,0.167,0.364,4,-0.8,0.287,78
168,2025,Mike Tauchman,CHW,71,0.141,0.254,0.6,0.22,0.352,0.424,0.776,0.203,0.263,10,1.8,0.344,121
169,2025,Jeff McNeil,NYM,107,0.131,0.15,0.9,0.236,0.352,0.36,0.712,0.124,0.278,13,0.7,0.321,109
170,2025,Kris Bryant,COL,13,0.077,0.308,0.3,0.083,0.154,0.167,0.321,0.083,0.125,0,-1.7,0.149,-26
171,2025,Hunter Renfroe,KCR,42,0.095,0.143,0.7,0.243,0.31,0.324,0.634,0.081,0.281,4,-1.1,0.281,75
172,2025,J.P. Crawford,SEA,213,0.117,0.188,0.6,0.235,0.333,0.344,0.678,0.109,0.281,24,-1.2,0.306,102
173,2025,Amed Rosario,2 Tms,122,0.041,0.123,0.3,0.302,0.328,0.491,0.819,0.19,0.316,18,3.6,0.35,125
174,2025,Aaron Judge,NYY,161,0.23,0.23,1,0.341,0.491,0.789,1.279,0.447,0.366,43,23.5,0.493,225
175,2025,Dominic Smith,SFG,27,0.037,0.148,0.3,0.2,0.259,0.28,0.539,0.08,0.238,2,-1.5,0.243,55
176,2025,Reese McGuire,CHC,17,0,0.353,0,0.188,0.188,0.563,0.75,0.375,0.125,2,0,0.31,100
177,2025,Rowdy Tellez,2 Tms,24,0.125,0.417,0.3,0.05,0.208,0.05,0.258,0,0.1,0,-3.1,0.153,-5
178,2025,Tyler O'Neill,BAL,59,0.102,0.305,0.3,0.157,0.254,0.392,0.646,0.235,0.133,5,-1.9,0.273,74
179,2025,Tyler Wade,SDP,25,0.16,0.44,0.4,0.238,0.36,0.238,0.598,0,0.5,2,-0.5,0.287,86
180,2025,Miguel Andujar,2 Tms,93,0.032,0.172,0.2,0.389,0.409,0.578,0.986,0.189,0.443,19,8.2,0.421,171
181,2025,Luis Torrens,NYM,74,0.041,0.23,0.2,0.243,0.284,0.357,0.641,0.114,0.321,7,-2,0.28,81
182,2025,Austin Nola,COL,6,0.167,0,1,0,0.2,0,0.2,0,0,0,-0.9,0.138,-33
183,2025,Willy Adames,SFG,180,0.1,0.3,0.3,0.201,0.278,0.428,0.705,0.226,0.224,20,-1.6,0.302,95
184,2025,Cody Bellinger,NYY,176,0.102,0.097,1.1,0.353,0.415,0.601,1.016,0.248,0.348,37,16.3,0.427,180
185,2025,Austin Slater,2 Tms,93,0.086,0.301,0.3,0.224,0.29,0.435,0.726,0.212,0.269,11,0,0.313,100
186,2025,Trea Turner,PHI,205,0.068,0.156,0.4,0.323,0.376,0.46,0.836,0.138,0.373,32,8.2,0.362,132
187,2025,Pablo Reyes,NYY,18,0.111,0.278,0.4,0.125,0.222,0.125,0.347,0,0.182,0,-2,0.175,6
188,2025,Michael Conforto,LAD,78,0.103,0.256,0.4,0.246,0.372,0.385,0.756,0.138,0.341,11,1.8,0.341,120
189,2025,Brian Navarreto,MIA,7,0,0.143,0,0.286,0.286,0.857,1.143,0.571,0.2,2,0.9,0.47,206
190,2025,Thairo Estrada,COL,37,0.081,0.135,0.6,0.194,0.27,0.323,0.593,0.129,0.185,3,-1.6,0.26,50
191,2025,Ryan O'Hearn,2 Tms,109,0.083,0.248,0.3,0.278,0.358,0.474,0.832,0.196,0.358,17,4.2,0.361,135
192,2025,Rhys Hoskins,MIL,102,0.137,0.265,0.5,0.221,0.324,0.407,0.731,0.186,0.263,12,0.2,0.315,102
193,2025,Kyle Schwarber,PHI,276,0.13,0.279,0.5,0.252,0.366,0.598,0.964,0.346,0.269,54,21,0.407,162
194,2025,Matt Chapman,SFG,125,0.136,0.184,0.7,0.224,0.328,0.346,0.674,0.121,0.256,13,-1.3,0.3,93
195,2025,Isiah Kiner-Falefa,2 Tms,124,0.016,0.161,0.1,0.227,0.25,0.286,0.536,0.059,0.255,7,-7.7,0.237,46
196,2025,Mauricio Dubón,HOU,115,0.061,0.096,0.6,0.292,0.342,0.406,0.748,0.113,0.319,15,1.4,0.328,111
197,2025,Danny Jansen,2 Tms,119,0.176,0.319,0.6,0.198,0.336,0.406,0.742,0.208,0.255,15,1.3,0.327,109
198,2025,Ozzie Albies,ATL,186,0.032,0.097,0.3,0.277,0.296,0.412,0.708,0.136,0.285,20,-1.8,0.301,91
199,2025,Connor Joe,2 Tms,40,0.1,0.2,0.5,0.147,0.25,0.176,0.426,0.029,0.185,1,-3.5,0.207,24
200,2025,Yandy Díaz,TBR,181,0.105,0.088,1.2,0.285,0.365,0.557,0.922,0.272,0.256,32,10.9,0.387,150
201,2025,Luis Urías,ATH,68,0.088,0.103,0.9,0.183,0.269,0.233,0.502,0.05,0.192,4,-4.3,0.235,43
202,2025,Jose Trevino,CIN,79,0.051,0.089,0.6,0.189,0.228,0.311,0.539,0.122,0.194,4,-5.1,0.234,41
203,2025,Jonah Heim,TEX,132,0.076,0.235,0.3,0.21,0.265,0.336,0.601,0.126,0.241,10,-5.4,0.263,67
204,2025,Lane Thomas,CLE,47,0.128,0.255,0.5,0.15,0.255,0.3,0.555,0.15,0.148,3,-2.4,0.25,58
205,2025,Derek Hill,2 Tms,63,0.079,0.333,0.2,0.185,0.279,0.296,0.575,0.111,0.281,5,-2.6,0.262,64
206,2025,Chadwick Tromp,2 Tms,7,0,0.286,0,0.286,0.286,0.429,0.714,0.143,0.4,1,0,0.305,100
207,2025,Gleyber Torres,DET,173,0.162,0.127,1.3,0.28,0.393,0.503,0.897,0.224,0.284,31,10.3,0.386,150
208,2025,Edmundo Sosa,PHI,116,0.052,0.241,0.2,0.318,0.362,0.533,0.895,0.215,0.378,20,6.5,0.383,146
209,2025,Alex Verdugo,ATL,31,0.065,0.194,0.3,0.143,0.226,0.143,0.369,0,0.182,0,-3.3,0.182,10
210,2025,Jose Herrera,ARI,59,0.102,0.305,0.3,0.26,0.333,0.32,0.653,0.06,0.394,6,-0.9,0.293,86
211,2025,Ramón Laureano,2 Tms,159,0.082,0.195,0.4,0.282,0.346,0.521,0.867,0.239,0.298,26,7,0.367,139
212,2025,Yoán Moncada,LAA,27,0.074,0.222,0.3,0.174,0.259,0.217,0.477,0.043,0.222,1,-2,0.222,37
213,2025,Jorge Mateo,BAL,39,0,0.333,0,0.205,0.205,0.282,0.487,0.077,0.308,1,-3.3,0.209,30
214,2025,Alex Jackson,BAL,32,0.063,0.313,0.2,0.25,0.344,0.679,1.022,0.429,0.267,7,2.9,0.424,178
215,2025,Willi Castro,2 Tms,113,0.053,0.195,0.3,0.25,0.31,0.442,0.752,0.192,0.282,15,1.2,0.326,109
216,2025,Rafael Devers,2 Tms,240,0.092,0.271,0.3,0.241,0.325,0.415,0.74,0.175,0.302,30,1.5,0.32,105
217,2025,Jose Siri,NYM,13,0,0.846,0,0.077,0.077,0.154,0.231,0.077,0.5,-1,-2.3,0.096,-45
218,2025,Taylor Ward,LAA,116,0.112,0.284,0.4,0.262,0.345,0.573,0.918,0.311,0.317,20,6.8,0.385,149
219,2025,Myles Straw,TOR,146,0.068,0.192,0.4,0.271,0.322,0.361,0.683,0.09,0.337,16,-1.3,0.302,93
220,2025,Alex Bregman,BOS,133,0.143,0.15,1,0.319,0.421,0.434,0.855,0.115,0.367,22,6.7,0.375,139
221,2025,Kevin Newman,LAA,38,0.026,0.237,0.1,0.194,0.216,0.222,0.438,0.028,0.259,1,-3.6,0.196,18
222,2025,Andrew Benintendi,CHW,92,0.011,0.228,0,0.276,0.286,0.563,0.849,0.287,0.29,14,2.9,0.352,127
223,2025,Brendan Rodgers,HOU,26,0.077,0.385,0.2,0.25,0.308,0.417,0.724,0.167,0.385,3,0.1,0.315,102
224,2025,Ian Happ,CHC,182,0.115,0.231,0.5,0.231,0.319,0.369,0.687,0.138,0.281,20,-1.2,0.305,96
225,2025,Cedric Mullins,2 Tms,132,0.114,0.159,0.7,0.268,0.354,0.429,0.782,0.161,0.3,19,2.9,0.341,121
226,2025,Scott Kingery,LAA,12,0,0.333,0,0.25,0.25,0.25,0.5,0,0.375,1,-0.9,0.221,35
227,2025,Ty France,2 Tms,141,0.043,0.163,0.3,0.244,0.298,0.389,0.687,0.145,0.276,15,-1.7,0.298,90
228,2025,Tyler Stephenson,CIN,74,0.162,0.216,0.8,0.246,0.378,0.443,0.821,0.197,0.302,11,2.7,0.357,126
229,2025,Paul DeJong,WSN,69,0.043,0.406,0.1,0.185,0.217,0.446,0.664,0.262,0.212,6,-2,0.278,76
230,2025,Harrison Bader,2 Tms,157,0.076,0.357,0.2,0.227,0.299,0.39,0.689,0.163,0.325,17,-1.4,0.302,92
231,2025,Jake Cronenworth,SDP,165,0.127,0.194,0.7,0.248,0.373,0.353,0.726,0.105,0.303,22,2.4,0.331,116
232,2025,Dylan Moore,2 Tms,132,0.114,0.379,0.3,0.167,0.265,0.325,0.59,0.158,0.217,10,-5.3,0.264,72
233,2025,Sam Haggerty,TEX,94,0.074,0.191,0.4,0.318,0.376,0.435,0.812,0.118,0.403,14,2.9,0.351,128
234,2025,Nathan Lukes,TOR,53,0.113,0.226,0.5,0.238,0.34,0.357,0.697,0.119,0.323,6,-0.1,0.31,99
235,2025,LaMonte Wade Jr.,2 Tms,29,0.138,0.207,0.7,0.083,0.214,0.083,0.298,0,0.111,0,-3.6,0.162,-4
236,2025,Dansby Swanson,CHC,138,0.065,0.29,0.2,0.287,0.333,0.496,0.829,0.209,0.366,21,4.5,0.354,130
237,2025,Kyle Tucker,CHC,193,0.119,0.161,0.7,0.269,0.365,0.461,0.826,0.192,0.289,30,7.4,0.361,134
238,2025,Daz Cameron,MIL,32,0,0.344,0,0.188,0.188,0.313,0.5,0.125,0.25,1,-2.6,0.213,32
239,2025,Austin Riley,ATL,101,0.05,0.218,0.2,0.26,0.297,0.417,0.714,0.156,0.3,12,-0.3,0.309,97
240,2025,Victor Robles,SEA,48,0.042,0.167,0.3,0.289,0.313,0.311,0.624,0.022,0.342,4,-1.5,0.275,81
241,2025,Ryan Mountcastle,BAL,90,0.044,0.256,0.2,0.262,0.3,0.298,0.598,0.036,0.355,7,-3.4,0.267,70
242,2025,Ronald Acuña Jr.,ATL,125,0.208,0.288,0.7,0.253,0.408,0.424,0.832,0.172,0.356,20,5.7,0.369,138
243,2025,Ali Sánchez,2 Tms,6,0,0.167,0,0.333,0.333,0.5,0.833,0.167,0.4,1,0.2,0.356,135
244,2025,Trent Grisham,NYY,155,0.135,0.265,0.5,0.182,0.303,0.348,0.652,0.167,0.202,16,-2.4,0.294,88
245,2025,Luis Arraez,SDP,204,0.039,0.049,0.8,0.262,0.294,0.35,0.644,0.087,0.257,19,-5.1,0.282,83
246,2025,Ke'Bryan Hayes,2 Tms,121,0.058,0.207,0.3,0.212,0.256,0.257,0.513,0.044,0.27,6,-8.5,0.226,38
247,2025,Ramón Urías,2 Tms,118,0.085,0.263,0.3,0.262,0.322,0.421,0.743,0.159,0.329,15,0.9,0.323,108
248,2025,Andy Ibáñez,DET,135,0.067,0.163,0.4,0.258,0.311,0.403,0.714,0.145,0.283,16,-0.2,0.311,99
249,2025,José Azocar,NYM,9,0.222,0,2,0.429,0.556,0.429,0.984,0,0.429,2,1,0.448,196
250,2025,Josh Naylor,2 Tms,192,0.047,0.177,0.3,0.287,0.323,0.436,0.759,0.149,0.324,25,2.4,0.328,112
251,2025,Yohel Pozo,STL,42,0.024,0.143,0.2,0.275,0.286,0.425,0.711,0.15,0.294,5,-0.4,0.301,94
252,2025,Jahmai Jones,DET,122,0.123,0.23,0.5,0.288,0.393,0.577,0.97,0.288,0.333,24,9.7,0.411,167
253,2025,Brandon Lowe,TBR,147,0.034,0.306,0.1,0.194,0.231,0.317,0.548,0.122,0.244,9,-8.8,0.24,49
254,2025,Leody Taveras,2 Tms,31,0.065,0.29,0.2,0.276,0.323,0.31,0.633,0.034,0.4,3,-0.7,0.284,85
255,2025,Will Smith,LAD,112,0.161,0.232,0.7,0.258,0.384,0.452,0.836,0.194,0.317,18,5,0.368,138
256,2025,Yuli Gurriel,SDP,27,0.074,0.148,0.5,0.12,0.185,0.16,0.345,0.04,0.143,0,-3.3,0.163,1
257,2025,Lourdes Gurriel Jr.,ARI,156,0.083,0.077,1.1,0.296,0.353,0.43,0.782,0.134,0.294,22,3.6,0.342,119
258,2025,Pete Alonso,NYM,204,0.088,0.299,0.3,0.227,0.309,0.42,0.729,0.193,0.286,24,-0.4,0.31,102
259,2025,Cavan Biggio,KCR,9,0.111,0.222,0.5,0.167,0.286,0.167,0.452,0,0.25,0,-0.6,0.225,36
260,2025,Garrett Hampson,3 Tms,40,0.125,0.275,0.5,0.121,0.237,0.152,0.388,0.03,0.182,1,-3.9,0.194,17
261,2025,Adolis García,TEX,145,0.055,0.303,0.2,0.199,0.248,0.353,0.601,0.154,0.253,11,-6.3,0.26,65
262,2025,Randy Arozarena,SEA,203,0.054,0.251,0.2,0.242,0.296,0.457,0.753,0.215,0.281,25,1.5,0.322,113
263,2025,Nick Solak,PIT,8,0,0.25,0,0.125,0.125,0.125,0.25,0,0.167,0,-1.3,0.11,-41
264,2025,Alex Call,2 Tms,119,0.067,0.185,0.4,0.286,0.328,0.448,0.775,0.162,0.317,16,1.8,0.332,113
265,2025,Matt Thaiss,2 Tms,28,0.071,0.214,0.3,0.208,0.296,0.292,0.588,0.083,0.278,2,-1,0.269,68
266,2025,Bryan Reynolds,PIT,167,0.108,0.293,0.4,0.257,0.335,0.439,0.775,0.182,0.34,23,3.2,0.337,114
267,2025,Eli White,ATL,96,0.063,0.25,0.3,0.244,0.292,0.444,0.736,0.2,0.279,11,0,0.313,100
268,2025,Sean Murphy,ATL,116,0.155,0.328,0.5,0.198,0.336,0.469,0.805,0.271,0.235,17,3.2,0.347,123
269,2025,Luke Raley,SEA,36,0.083,0.278,0.3,0.094,0.194,0.125,0.319,0.031,0.136,0,-4.4,0.161,2
270,2025,Weston Wilson,PHI,82,0.11,0.293,0.4,0.194,0.293,0.361,0.654,0.167,0.244,8,-1.5,0.291,83
271,2025,Austin Hays,CIN,105,0.114,0.229,0.5,0.319,0.4,0.549,0.949,0.231,0.409,20,7.5,0.401,155
272,2025,Zach McKinstry,DET,119,0.059,0.218,0.3,0.296,0.345,0.509,0.854,0.213,0.373,19,4.5,0.36,132
273,2025,Jake Rogers,DET,36,0.167,0.278,0.6,0.148,0.306,0.333,0.639,0.185,0.167,3,-0.8,0.286,81
274,2025,Andruw Monasterio,MIL,50,0.1,0.2,0.5,0.273,0.36,0.477,0.837,0.205,0.313,8,2.1,0.364,136
275,2025,Cooper Hummel,HOU,45,0.111,0.267,0.4,0.205,0.311,0.436,0.747,0.231,0.208,6,0.5,0.327,110
276,2025,Tommy Edman,LAD,122,0.033,0.18,0.2,0.216,0.254,0.44,0.694,0.224,0.207,13,-1.6,0.297,89
277,2025,Andrew Knizner,SFG,25,0,0.12,0,0.28,0.28,0.4,0.68,0.12,0.286,3,-0.4,0.293,89
278,2025,TJ Friedl,CIN,198,0.091,0.177,0.5,0.243,0.33,0.341,0.671,0.098,0.281,22,-1.7,0.302,88
279,2025,Yordan Alvarez,HOU,38,0.158,0.105,1.5,0.344,0.447,0.656,1.104,0.313,0.346,9,4.7,0.464,205
280,2025,Zack Short,HOU,19,0.105,0.421,0.3,0.353,0.421,0.588,1.009,0.235,0.625,4,1.8,0.432,182
281,2025,Nathaniel Lowe,2 Tms,171,0.088,0.298,0.3,0.168,0.24,0.265,0.504,0.097,0.233,8,-11.9,0.228,41
282,2025,Chas McCormick,HOU,49,0.082,0.224,0.4,0.214,0.298,0.381,0.679,0.167,0.267,5,-0.6,0.299,91
283,2025,Bryan De La Cruz,ATL,13,0,0.308,0,0.154,0.154,0.231,0.385,0.077,0.222,0,-1.6,0.164,-2
284,2025,Otto Lopez,MIA,191,0.063,0.157,0.4,0.197,0.246,0.275,0.521,0.079,0.219,10,-12.8,0.231,42
285,2025,Keibert Ruiz,WSN,54,0.037,0.074,0.5,0.294,0.333,0.392,0.725,0.098,0.304,7,0.3,0.319,104
286,2025,Vladimir Guerrero Jr.,TOR,159,0.145,0.126,1.2,0.326,0.428,0.519,0.946,0.193,0.349,30,11.7,0.404,163
287,2025,Bo Bichette,TOR,139,0.05,0.101,0.5,0.308,0.345,0.546,0.891,0.238,0.3,23,6.9,0.374,143
288,2025,Brent Rooker,ATH,161,0.13,0.161,0.8,0.293,0.385,0.5,0.885,0.207,0.33,27,8.1,0.375,140
289,2025,Daniel Johnson,2 Tms,7,0,0.143,0,0.286,0.286,0.429,0.714,0.143,0.333,1,0,0.305,98
290,2025,Fernando Tatis Jr.,SDP,185,0.168,0.184,0.9,0.229,0.357,0.366,0.723,0.137,0.261,22,0.1,0.314,104
291,2025,Carlos Narváez,BOS,130,0.115,0.215,0.5,0.243,0.331,0.4,0.731,0.157,0.289,16,1,0.322,102
292,2025,Josh Rojas,CHW,30,0,0.267,0,0.172,0.172,0.241,0.414,0.069,0.238,0,-3.3,0.178,7
293,2025,Shohei Ohtani,LAD,244,0.09,0.275,0.3,0.279,0.344,0.554,0.898,0.275,0.336,42,13.2,0.38,146
294,2025,Jhonny Pereda,2 Tms,23,0.087,0.348,0.3,0.238,0.304,0.286,0.59,0.048,0.385,2,-0.8,0.268,67
295,2025,Joshua Palacios,CHW,18,0,0.444,0,0.111,0.111,0.167,0.278,0.056,0.2,-1,-2.8,0.119,-34
296,2025,Abraham Toro,BOS,78,0.038,0.128,0.3,0.254,0.295,0.352,0.647,0.099,0.274,7,-1.9,0.283,75
297,2025,Luis Rengifo,LAA,101,0.03,0.198,0.2,0.224,0.248,0.378,0.625,0.153,0.253,8,-3.7,0.268,68
298,2025,Riley Adams,WSN,97,0.062,0.402,0.2,0.161,0.247,0.287,0.535,0.126,0.244,6,-5.5,0.243,52
299,2025,Tristan Gray,TBR,23,0.043,0.13,0.3,0.364,0.391,0.727,1.119,0.364,0.353,6,2.9,0.47,207
300,2025,Emmanuel Rivera,BAL,35,0.057,0.2,0.3,0.303,0.343,0.333,0.676,0.03,0.385,4,-0.3,0.302,94
301,2025,Pavin Smith,ARI,24,0.25,0.375,0.7,0.167,0.375,0.167,0.542,0,0.333,2,-0.6,0.283,79
302,2025,Connor Wong,BOS,46,0.13,0.261,0.5,0.179,0.283,0.205,0.488,0.026,0.25,2,-3,0.233,41
303,2025,Gavin Sheets,SDP,153,0.065,0.183,0.4,0.255,0.301,0.369,0.669,0.113,0.301,15,-2.6,0.292,89
304,2025,Jesús Sánchez,2 Tms,75,0.053,0.28,0.2,0.159,0.227,0.246,0.473,0.087,0.213,3,-5.9,0.216,33
305,2025,Daulton Varsho,TOR,56,0.071,0.25,0.3,0.26,0.321,0.38,0.701,0.12,0.314,6,-0.2,0.308,98
306,2025,Blake Perkins,MIL,54,0.111,0.241,0.5,0.271,0.352,0.438,0.789,0.167,0.333,8,1.4,0.346,123
307,2025,Luke Williams,ATL,9,0,0.333,0,0.222,0.222,0.333,0.556,0.111,0.333,1,-0.6,0.237,48
308,2025,Andrés Giménez,TOR,86,0.047,0.209,0.2,0.175,0.233,0.263,0.495,0.088,0.213,4,-6.3,0.223,39
309,2025,Josh Lowe,TBR,125,0.064,0.312,0.2,0.165,0.224,0.235,0.459,0.07,0.237,4,-10.6,0.208,27
310,2025,Gavin Lux,CIN,63,0.111,0.302,0.4,0.179,0.27,0.196,0.466,0.018,0.27,3,-4.6,0.223,33
311,2025,Mickey Moniak,COL,60,0.083,0.317,0.3,0.222,0.283,0.315,0.598,0.093,0.314,5,-2.3,0.266,54
312,2025,Taylor Trammell,HOU,16,0.188,0.313,0.6,0.308,0.438,0.385,0.822,0.077,0.5,3,0.8,0.373,142
313,2025,Bobby Dalbec,CHW,9,0.111,0.333,0.3,0.125,0.222,0.125,0.347,0,0.2,0,-1,0.175,5
314,2025,Santiago Espinal,CIN,126,0.071,0.087,0.8,0.265,0.317,0.342,0.659,0.077,0.292,13,-2.1,0.293,81
315,2025,Bryce Johnson,SDP,35,0.086,0.2,0.4,0.3,0.364,0.333,0.697,0.033,0.391,4,0,0.315,105
316,2025,Miles Mastrobuoni,SEA,19,0.053,0.211,0.3,0.294,0.333,0.471,0.804,0.176,0.385,3,0.5,0.345,129
317,2025,Isaac Paredes,HOU,71,0.127,0.127,1,0.2,0.324,0.367,0.691,0.167,0.188,8,-0.1,0.311,99
318,2025,Luis Robert Jr.,CHW,113,0.142,0.195,0.7,0.258,0.369,0.473,0.842,0.215,0.273,17,4,0.357,130
319,2025,Alan Trejo,COL,8,0,0.125,0,0,0,0,0,0,0,-1,-2,0,-100
320,2025,J.C. Escarra,NYY,15,0.067,0.267,0.3,0.286,0.333,0.357,0.69,0.071,0.4,2,-0.1,0.306,96
321,2025,Juan Soto,NYM,248,0.133,0.238,0.6,0.24,0.344,0.442,0.786,0.202,0.275,35,5.7,0.342,123
322,2025,Dylan Carlson,BAL,72,0.056,0.264,0.2,0.206,0.25,0.279,0.529,0.074,0.271,4,-4.5,0.236,49
323,2025,Miguel Vargas,CHW,154,0.091,0.182,0.5,0.261,0.325,0.42,0.745,0.159,0.309,19,1.2,0.322,106
324,2025,Brandon Marsh,PHI,88,0.114,0.364,0.3,0.197,0.287,0.289,0.577,0.092,0.302,7,-3.6,0.262,64
325,2025,Jo Adell,LAA,104,0.096,0.231,0.4,0.277,0.346,0.585,0.931,0.309,0.302,19,6.7,0.393,154
326,2025,Ben Rortvedt,2 Tms,24,0.083,0.167,0.5,0.25,0.318,0.25,0.568,0,0.313,2,-1,0.263,66
327,2025,Jake Meyers,HOU,71,0.042,0.155,0.3,0.284,0.324,0.358,0.682,0.075,0.339,8,-0.7,0.302,93
328,2025,Corey Julks,CHW,8,0,0.25,0,0.143,0.125,0.143,0.268,0,0.167,0,-1.3,0.11,-40
329,2025,Stuart Fairchild,ATL,35,0.114,0.229,0.5,0.226,0.314,0.355,0.669,0.129,0.304,4,-0.5,0.297,88
330,2025,Ernie Clement,TOR,187,0.043,0.102,0.4,0.326,0.351,0.549,0.9,0.223,0.336,32,10.1,0.379,146
331,2025,Luis García Jr.,WSN,107,0.056,0.168,0.3,0.179,0.224,0.221,0.445,0.042,0.207,3,-9.9,0.2,22
332,2025,Royce Lewis,MIN,119,0.076,0.185,0.4,0.239,0.294,0.394,0.689,0.156,0.262,13,-1.3,0.299,90
333,2025,Jazz Chisholm Jr.,NYY,147,0.075,0.245,0.3,0.248,0.322,0.411,0.733,0.163,0.292,18,0.9,0.32,106
334,2025,William Contreras,MIL,182,0.148,0.176,0.8,0.238,0.357,0.338,0.695,0.099,0.28,21,-0.5,0.31,99
335,2025,Drew Waters,KCR,44,0.068,0.295,0.2,0.15,0.227,0.15,0.377,0,0.222,1,-4.6,0.184,8
336,2025,Nolan Jones,CLE,85,0.071,0.376,0.2,0.184,0.262,0.197,0.459,0.013,0.318,3,-6.6,0.218,36
337,2025,Vidal Bruján,2 Tms,17,0.059,0.412,0.1,0.267,0.353,0.333,0.686,0.067,0.5,2,0,0.313,100
338,2025,Jose Miranda,MIN,15,0,0.533,0,0.067,0.067,0.067,0.133,0,0.143,-1,-3.1,0.059,-76
339,2025,Kody Clemens,MIN,89,0.067,0.258,0.3,0.192,0.264,0.218,0.482,0.026,0.268,4,-6.4,0.225,39
340,2025,Iván Herrera,STL,124,0.153,0.145,1.1,0.33,0.455,0.66,1.115,0.33,0.319,30,15.1,0.463,205
341,2025,Oscar Gonzalez,SDP,29,0.034,0.276,0.1,0.179,0.207,0.214,0.421,0.036,0.25,0,-2.9,0.189,19
342,2025,Leo Rivas,SEA,41,0.122,0.171,0.7,0.306,0.39,0.361,0.751,0.056,0.379,6,0.9,0.339,125
343,2025,Sean Bouchard,COL,51,0.078,0.314,0.3,0.191,0.255,0.255,0.51,0.064,0.267,3,-3.3,0.233,31
344,2025,Lars Nootbaar,STL,180,0.094,0.261,0.4,0.201,0.291,0.289,0.58,0.088,0.266,14,-7,0.265,69
345,2025,Nico Hoerner,CHC,149,0.027,0.054,0.5,0.369,0.396,0.539,0.935,0.17,0.369,28,10.7,0.401,162
346,2025,Hayden Senger,NYM,18,0,0.444,0,0.125,0.167,0.125,0.292,0,0.222,0,-2.6,0.138,-16
347,2025,Brandon Lockridge,2 Tms,73,0.055,0.247,0.2,0.209,0.254,0.313,0.567,0.104,0.286,5,-3.8,0.249,59
348,2025,Luken Baker,STL,34,0.206,0.265,0.8,0.296,0.441,0.407,0.849,0.111,0.444,6,1.9,0.383,150
349,2025,Trevor Larnach,MIN,118,0.076,0.254,0.3,0.236,0.297,0.311,0.608,0.075,0.312,10,-4,0.271,71
350,2025,Jonathan India,KCR,111,0.09,0.207,0.4,0.242,0.336,0.337,0.673,0.095,0.296,12,-0.8,0.305,91
351,2025,Joey Bart,PIT,86,0.163,0.302,0.5,0.306,0.419,0.472,0.891,0.167,0.442,16,5.5,0.391,152
352,2025,Cal Raleigh,SEA,205,0.088,0.298,0.3,0.281,0.351,0.681,1.032,0.4,0.294,43,19.2,0.429,186
353,2025,Nick Fortes,2 Tms,115,0.061,0.183,0.3,0.219,0.278,0.305,0.583,0.086,0.262,9,-4.9,0.26,63
354,2025,Coco Montes,TBR,8,0,0.25,0,0.25,0.25,0.25,0.5,0,0.333,0,-0.6,0.221,36
355,2025,Matt Vierling,DET,43,0.07,0.256,0.3,0.289,0.349,0.395,0.744,0.105,0.37,6,0.5,0.326,109
356,2025,Romy Gonzalez,BOS,143,0.077,0.224,0.3,0.331,0.378,0.6,0.978,0.269,0.387,28,11.1,0.409,162
357,2025,César Salazar,HOU,7,0,0.286,0,0.5,0.571,0.5,1.071,0,0.75,2,1,0.481,217
358,2025,Kyle Isbel,KCR,75,0.067,0.267,0.3,0.219,0.296,0.25,0.546,0.031,0.318,5,-3.6,0.253,56
359,2025,Alec Bohm,PHI,134,0.075,0.149,0.5,0.295,0.351,0.467,0.818,0.172,0.323,20,4.4,0.353,126
360,2025,Jake McCarthy,ARI,42,0,0.143,0,0.214,0.214,0.286,0.5,0.071,0.25,2,-3.4,0.215,32
361,2025,Griffin Conine,MIA,23,0.087,0.261,0.3,0.333,0.391,0.524,0.915,0.19,0.467,4,1.5,0.393,153
362,2025,Jeremy Peña,HOU,107,0.093,0.131,0.7,0.278,0.346,0.423,0.768,0.144,0.291,14,1.8,0.334,115
363,2025,Rafael Marchán,PHI,35,0.114,0.114,1,0.267,0.353,0.3,0.653,0.033,0.308,4,-0.4,0.3,89
364,2025,Miguel Amaya,CHC,21,0.048,0.381,0.1,0.158,0.2,0.316,0.516,0.158,0.2,1,-1.5,0.225,41
365,2025,Oswaldo Cabrera,NYY,21,0.048,0.19,0.3,0.316,0.381,0.316,0.697,0,0.4,3,0.1,0.319,106
366,2025,Oneil Cruz,PIT,125,0.128,0.352,0.4,0.102,0.224,0.176,0.4,0.074,0.159,3,-11.9,0.196,18
367,2025,Enmanuel Valdez,PIT,11,0.091,0.182,0.5,0.1,0.182,0.1,0.282,0,0.125,0,-1.5,0.143,-18
368,2025,Sebastián Rivero,LAA,5,0.2,0,1,0.25,0.4,0.25,0.65,0,0.25,1,0,0.315,100
369,2025,José Fermín,STL,11,0.091,0.182,0.5,0.3,0.364,0.4,0.764,0.1,0.375,2,0.2,0.337,119
370,2025,Esteury Ruiz,LAD,18,0.056,0.389,0.1,0.176,0.222,0.353,0.575,0.176,0.222,1,-0.9,0.25,57
371,2025,Andrés Chaparro,WSN,47,0.106,0.319,0.3,0.214,0.298,0.262,0.56,0.048,0.333,3,-2.1,0.258,63
372,2025,Jonathan Aranda,TBR,98,0.122,0.276,0.4,0.274,0.378,0.345,0.723,0.071,0.393,13,1.3,0.33,111
373,2025,Freddy Fermin,2 Tms,108,0.056,0.204,0.3,0.212,0.257,0.283,0.54,0.071,0.253,6,-6.8,0.237,46
374,2025,Will Benson,CIN,21,0.143,0.238,0.6,0.118,0.238,0.471,0.709,0.353,0,2,-0.3,0.293,81
375,2025,Bo Naylor,CLE,85,0.082,0.153,0.5,0.171,0.238,0.263,0.501,0.092,0.177,4,-6,0.226,41
376,2025,Jerar Encarnacion,SFG,26,0.038,0.231,0.2,0.2,0.231,0.4,0.631,0.2,0.222,2,-0.9,0.269,72
377,2025,Christopher Morel,TBR,159,0.088,0.352,0.3,0.221,0.289,0.4,0.689,0.179,0.313,17,-1.6,0.301,91
378,2025,Dane Myers,MIA,117,0.094,0.179,0.5,0.286,0.359,0.419,0.778,0.133,0.341,17,2.8,0.342,119
379,2025,Ryan Vilade,STL,11,0.182,0.364,0.5,0,0.182,0,0.182,0,0,0,-1.7,0.126,-26
380,2025,Mark Vientos,NYM,136,0.051,0.228,0.2,0.25,0.287,0.453,0.74,0.203,0.29,16,0.2,0.315,105
381,2025,Brice Turang,MIL,192,0.078,0.219,0.4,0.305,0.361,0.391,0.752,0.086,0.385,26,3.1,0.333,114
382,2025,MJ Melendez,KCR,11,0.091,0.273,0.3,0.125,0.364,0.5,0.864,0.375,0,2,0.6,0.379,143
383,2025,Sam Huff,SFG,18,0.056,0.444,0.1,0.294,0.333,0.471,0.804,0.176,0.5,3,0.5,0.348,126
384,2025,Luis Campusano,SDP,17,0.235,0.294,0.8,0,0.235,0,0.235,0,0,0,-2.1,0.163,1
385,2025,Jeremiah Jackson,BAL,54,0.074,0.333,0.2,0.26,0.315,0.42,0.735,0.16,0.387,7,0.2,0.319,105
386,2025,Jack Suwinski,PIT,7,0,0.286,0,0,0,0,0,0,0,-1,-1.8,0,-100
387,2025,Nolan Gorman,STL,93,0.108,0.269,0.4,0.22,0.301,0.439,0.74,0.22,0.245,11,0.5,0.319,106
388,2025,Xavier Edwards,MIA,198,0.071,0.157,0.5,0.236,0.289,0.275,0.564,0.038,0.283,14,-9.4,0.255,59
389,2025,Samad Taylor,SEA,6,0,0.167,0,0.2,0.2,0.2,0.4,0,0.25,0,-0.7,0.176,13
390,2025,Jake Burger,TEX,100,0.06,0.18,0.3,0.264,0.31,0.505,0.815,0.242,0.271,14,2.5,0.344,123
391,2025,Nick Allen,ATL,112,0.107,0.179,0.6,0.216,0.3,0.237,0.537,0.021,0.269,8,-5.7,0.251,57
392,2025,Taylor Walls,TBR,100,0.04,0.22,0.2,0.255,0.28,0.319,0.599,0.064,0.324,8,-4.2,0.262,64
393,2025,Buddy Kennedy,3 Tms,21,0.095,0.286,0.3,0.105,0.19,0.158,0.348,0.053,0.154,0,-2.5,0.167,0
394,2025,Triston Casas,BOS,12,0.083,0.167,0.5,0.455,0.5,0.909,1.409,0.455,0.5,4,2.6,0.583,282
395,2025,Heliot Ramos,SFG,189,0.079,0.259,0.3,0.254,0.323,0.42,0.743,0.166,0.325,23,0.9,0.319,107
396,2025,Johnathan Rodríguez,CLE,55,0.091,0.273,0.3,0.24,0.309,0.46,0.769,0.22,0.303,7,0.8,0.33,113
397,2025,Tyler Freeman,COL,119,0.05,0.118,0.4,0.291,0.331,0.382,0.712,0.091,0.323,14,-0.1,0.312,86
398,2025,Lawrence Butler,ATH,123,0.049,0.398,0.1,0.188,0.228,0.342,0.57,0.154,0.281,8,-6.6,0.247,52
399,2025,Gabriel Arias,CLE,135,0.052,0.378,0.1,0.211,0.252,0.414,0.666,0.203,0.315,12,-3.5,0.281,79
400,2025,Alejandro Kirk,TOR,144,0.104,0.132,0.8,0.276,0.347,0.417,0.765,0.142,0.292,19,2.2,0.331,113
401,2025,Gabriel Moreno,ARI,77,0.104,0.143,0.7,0.279,0.351,0.397,0.748,0.118,0.316,10,0.7,0.324,106
402,2025,Gustavo Campero,LAA,18,0,0.278,0,0.056,0.056,0.222,0.278,0.167,0,-1,-2.9,0.113,-39
403,2025,Maikel Garcia,KCR,137,0.131,0.146,0.9,0.314,0.404,0.517,0.921,0.203,0.358,26,9.4,0.398,155
404,2025,Geraldo Perdomo,ARI,219,0.119,0.068,1.7,0.341,0.416,0.486,0.902,0.146,0.341,40,14,0.392,153
405,2025,Oswald Peraza,2 Tms,82,0.073,0.354,0.2,0.105,0.171,0.145,0.315,0.039,0.17,-1,-10.8,0.15,-11
406,2025,Alexander Canario,PIT,108,0.074,0.343,0.2,0.192,0.25,0.343,0.593,0.152,0.254,8,-4.7,0.26,61
407,2025,Wenceel Pérez,DET,108,0.065,0.213,0.3,0.286,0.324,0.541,0.865,0.255,0.315,17,4.2,0.361,133
408,2025,Lenyn Sosa,CHW,140,0.029,0.207,0.1,0.276,0.3,0.44,0.74,0.164,0.317,17,0.5,0.318,103
409,2025,Yainer Diaz,HOU,120,0.05,0.208,0.2,0.257,0.292,0.434,0.725,0.177,0.277,13,-0.8,0.305,95
410,2025,Jacob Amaya,CHW,22,0,0.318,0,0.095,0.091,0.143,0.234,0.048,0.133,-1,-3.9,0.097,-49
411,2025,Hunter Feduccia,TBR,21,0,0.524,0,0.048,0.048,0.095,0.143,0.048,0.1,-2,-4.3,0.06,-75
412,2025,José Barrero,STL,12,0.083,0.25,0.3,0.091,0.167,0.091,0.258,0,0.125,0,-1.8,0.131,-22
413,2025,Eric Wagaman,MIA,184,0.054,0.196,0.3,0.283,0.321,0.462,0.783,0.179,0.331,25,3.4,0.336,114
414,2025,José Caballero,2 Tms,123,0.138,0.293,0.5,0.25,0.361,0.452,0.813,0.202,0.344,19,4.3,0.355,129
415,2025,Luis Vázquez,BAL,26,0,0.308,0,0.154,0.154,0.269,0.423,0.115,0.176,0,-2.8,0.18,10
416,2025,Davis Schneider,TOR,128,0.148,0.289,0.5,0.215,0.344,0.364,0.708,0.15,0.288,16,0.7,0.32,106
417,2025,Brayan Rocchio,CLE,116,0.069,0.284,0.2,0.224,0.31,0.347,0.657,0.122,0.308,12,-1.9,0.292,87
418,2025,José Tena,WSN,16,0.125,0.125,1,0.357,0.438,0.571,1.009,0.214,0.417,3,1.5,0.431,181
419,2025,Everson Pereira,TBR,36,0.056,0.472,0.1,0.176,0.222,0.382,0.605,0.206,0.267,3,-1.6,0.26,63
420,2025,Julio Rodríguez,SEA,186,0.075,0.242,0.3,0.256,0.312,0.494,0.806,0.238,0.291,26,3.6,0.337,123
421,2025,Ronny Mauricio,NYM,38,0.053,0.368,0.1,0.083,0.132,0.083,0.215,0,0.136,-2,-6.4,0.106,-38
422,2025,Ezequiel Duran,TEX,94,0.021,0.309,0.1,0.231,0.255,0.286,0.541,0.055,0.339,5,-5.6,0.239,51
423,2025,Wilyer Abreu,BOS,68,0.088,0.206,0.4,0.23,0.299,0.377,0.676,0.148,0.283,7,-0.9,0.297,85
424,2025,Leo Jiménez,TOR,21,0.095,0.286,0.3,0.105,0.19,0.263,0.454,0.158,0.083,1,-1.8,0.205,26
425,2025,Blaze Alexander,ARI,85,0.129,0.282,0.5,0.239,0.357,0.423,0.78,0.183,0.333,12,2.1,0.344,120
426,2025,Alek Thomas,ARI,88,0.023,0.227,0.1,0.238,0.262,0.338,0.599,0.1,0.288,7,-3.7,0.261,63
427,2025,Parker Meadows,DET,46,0.109,0.239,0.5,0.195,0.283,0.22,0.502,0.024,0.267,3,-2.9,0.237,47
428,2025,Jorge Barrosa,ARI,44,0.045,0.25,0.2,0.154,0.205,0.282,0.487,0.128,0.172,2,-3.6,0.211,29
429,2025,Curtis Mead,2 Tms,126,0.071,0.183,0.4,0.205,0.286,0.268,0.554,0.063,0.247,9,-6,0.254,59
430,2025,Ezequiel Tovar,COL,90,0.1,0.278,0.4,0.275,0.348,0.4,0.748,0.125,0.377,12,1.3,0.331,98
431,2025,Jhonkensy Noel,CLE,86,0.023,0.372,0.1,0.181,0.198,0.337,0.535,0.157,0.229,4,-5.9,0.228,43
432,2025,Ceddanne Rafaela,BOS,163,0.043,0.202,0.2,0.22,0.265,0.413,0.679,0.193,0.232,16,-2.9,0.291,81
433,2025,Liover Peguero,PIT,33,0.121,0.333,0.4,0.214,0.333,0.429,0.762,0.214,0.267,5,0.6,0.336,114
434,2025,Johan Rojas,PHI,75,0.08,0.2,0.4,0.224,0.288,0.313,0.601,0.09,0.275,6,-2.7,0.269,68
435,2025,Max Schuemann,ATH,65,0.108,0.108,1,0.161,0.266,0.196,0.462,0.036,0.184,3,-4.8,0.223,35
436,2025,DaShawn Keirsey Jr.,MIN,19,0.053,0.632,0.1,0.059,0.111,0.059,0.17,0,0.2,-1,-3.5,0.087,-56
437,2025,Richie Palacios,TBR,19,0.158,0.105,1.5,0.267,0.368,0.267,0.635,0,0.286,2,-0.3,0.295,87
438,2025,Addison Barger,TOR,89,0.067,0.303,0.2,0.217,0.27,0.337,0.607,0.12,0.309,7,-3.3,0.267,69
439,2025,Michael Helman,TEX,50,0.04,0.22,0.2,0.174,0.224,0.413,0.638,0.239,0.156,4,-1.6,0.273,74
440,2025,Steven Kwan,CLE,224,0.067,0.089,0.8,0.246,0.3,0.281,0.581,0.034,0.269,17,-9.6,0.261,65
441,2025,Jarren Duran,BOS,209,0.048,0.273,0.2,0.211,0.26,0.34,0.6,0.129,0.281,16,-8.7,0.262,61
442,2025,Ryan Jeffers,MIN,145,0.186,0.159,1.2,0.313,0.462,0.42,0.882,0.107,0.375,27,9.7,0.396,156
443,2025,Ryan Fitzgerald,MIN,20,0.1,0.1,1,0.111,0.2,0.444,0.644,0.333,0,2,-0.7,0.273,72
444,2025,Willie MacIver,ATH,40,0.075,0.2,0.4,0.194,0.275,0.444,0.719,0.25,0.192,5,-0.1,0.31,95
445,2025,Owen Miller,COL,8,0.125,0.25,0.5,0,0.25,0,0.25,0,0,0,-0.9,0.177,-7
446,2025,Brendan Donovan,STL,169,0.065,0.172,0.4,0.23,0.292,0.322,0.614,0.092,0.268,15,-5.4,0.273,75
447,2025,Jonah Bride,2 Tms,67,0.119,0.284,0.4,0.19,0.284,0.207,0.49,0.017,0.275,3,-4.8,0.226,39
448,2025,Logan O'Hoppe,LAA,80,0.063,0.238,0.3,0.257,0.313,0.432,0.745,0.176,0.294,10,0.7,0.324,107
449,2025,Mickey Gasper,MIN,37,0.108,0.243,0.4,0.188,0.278,0.188,0.465,0,0.261,2,-2.7,0.224,38
450,2025,James Outman,2 Tms,42,0.071,0.429,0.2,0.103,0.167,0.205,0.372,0.103,0.15,0,-4.9,0.17,1
451,2025,David Villar,SFG,19,0.105,0.158,0.7,0.25,0.368,0.313,0.681,0.063,0.308,2,0,0.316,104
452,2025,Andy Pages,LAD,154,0.039,0.227,0.2,0.313,0.344,0.429,0.773,0.116,0.394,21,3,0.337,117
453,2025,Heriberto Hernández,MIA,124,0.121,0.29,0.4,0.259,0.347,0.435,0.782,0.176,0.348,17,2.8,0.341,118
454,2025,David Fry,CLE,120,0.042,0.367,0.1,0.177,0.225,0.372,0.597,0.195,0.222,9,-5.4,0.258,63
455,2025,Vinny Capra,2 Tms,56,0,0.25,0,0.154,0.167,0.212,0.378,0.058,0.184,0,-6.7,0.165,-1
456,2025,Nate Eaton,BOS,49,0.082,0.204,0.4,0.279,0.347,0.326,0.673,0.047,0.353,5,-0.4,0.302,89
457,2025,Daniel Schneemann,CLE,62,0.113,0.355,0.3,0.151,0.258,0.17,0.428,0.019,0.25,2,-5.2,0.21,30
458,2025,Endy Rodríguez,PIT,12,0.083,0.333,0.3,0.273,0.333,0.364,0.697,0.091,0.429,1,0,0.309,95
459,2025,Ronny Simon,2 Tms,14,0.071,0.143,0.5,0.167,0.231,0.167,0.397,0,0.2,0,-1.4,0.189,12
460,2025,Will Wilson,CLE,49,0.082,0.367,0.2,0.22,0.304,0.317,0.621,0.098,0.391,4,-1.3,0.281,79
461,2025,Isaac Collins,MIL,145,0.097,0.207,0.5,0.232,0.324,0.408,0.732,0.176,0.269,18,0.8,0.32,106
462,2025,Brenton Doyle,COL,136,0.074,0.206,0.4,0.306,0.356,0.484,0.839,0.177,0.359,21,5.3,0.361,119
463,2025,Nick Sogard,BOS,35,0,0.257,0,0.371,0.371,0.486,0.857,0.114,0.5,6,1.6,0.37,135
464,2025,Joey Ortiz,MIL,143,0.028,0.14,0.2,0.289,0.319,0.415,0.734,0.126,0.327,18,0.7,0.319,105
465,2025,Aaron Schunk,COL,21,0,0.333,0,0.143,0.143,0.143,0.286,0,0.214,-1,-3.2,0.126,-42
466,2025,Korey Lee,CHW,14,0.071,0.214,0.3,0.308,0.357,0.538,0.896,0.231,0.333,2,0.8,0.384,149
467,2025,Cody Freeman,TEX,48,0.021,0.167,0.1,0.196,0.208,0.37,0.578,0.174,0.189,3,-2.7,0.243,54
468,2025,Drew Millas,WSN,13,0.077,0.385,0.2,0.167,0.231,0.25,0.481,0.083,0.286,1,-1,0.217,35
469,2025,Cam Devanney,PIT,15,0.067,0.667,0.1,0.214,0.267,0.214,0.481,0,0.75,1,-1.1,0.223,36
470,2025,Blaine Crim,2 Tms,15,0.067,0.2,0.3,0.25,0.267,0.5,0.767,0.25,0.2,2,-0.2,0.3,88
471,2025,Bobby Witt Jr.,KCR,146,0.089,0.205,0.4,0.328,0.39,0.489,0.879,0.16,0.416,24,6.5,0.368,135
472,2025,CJ Abrams,WSN,200,0.04,0.265,0.2,0.231,0.28,0.339,0.619,0.108,0.3,17,-6.5,0.273,73
473,2025,Tyler Tolbert,KCR,35,0.029,0.171,0.2,0.226,0.286,0.387,0.673,0.161,0.24,4,-0.6,0.292,82
474,2025,Pedro Pagés,STL,113,0.062,0.31,0.2,0.243,0.292,0.359,0.651,0.117,0.338,10,-3,0.281,80
475,2025,Jared Triolo,PIT,122,0.082,0.172,0.5,0.275,0.339,0.459,0.798,0.183,0.314,17,2.7,0.341,117
476,2025,Shea Langeliers,ATH,123,0.016,0.211,0.1,0.367,0.374,0.667,1.041,0.3,0.4,27,12.6,0.439,184
477,2025,Logan Davidson,2 Tms,8,0.125,0.125,1,0.571,0.625,0.714,1.339,0.143,0.667,3,1.7,0.574,277
478,2025,Michael Toglia,COL,96,0.042,0.302,0.1,0.222,0.25,0.422,0.672,0.2,0.283,9,-2.3,0.283,66
479,2025,Matt Gorski,PIT,23,0,0.391,0,0.174,0.174,0.391,0.565,0.217,0.231,1,-1.5,0.234,44
480,2025,Ryan Kreidler,DET,17,0.118,0.353,0.3,0.077,0.2,0.077,0.277,0,0.143,0,-2.2,0.151,-12
481,2025,Corbin Carroll,ARI,201,0.09,0.219,0.4,0.246,0.323,0.486,0.809,0.24,0.281,29,5.1,0.344,120
482,2025,Michael Harris II,ATL,183,0.027,0.213,0.1,0.24,0.265,0.38,0.645,0.14,0.288,16,-5.5,0.276,74
483,2025,Kerry Carpenter,DET,63,0.032,0.222,0.1,0.217,0.238,0.4,0.638,0.183,0.227,5,-2.2,0.271,71
484,2025,Kevin Alcántara,CHC,7,0.143,0.143,1,0.333,0.429,0.333,0.762,0,0.4,1,0.2,0.351,128
485,2025,Riley Greene,DET,200,0.085,0.3,0.3,0.218,0.29,0.33,0.62,0.112,0.299,18,-6,0.276,74
486,2025,Nasim Nuñez,WSN,35,0.143,0.086,1.7,0.267,0.371,0.5,0.871,0.233,0.24,6,1.8,0.377,144
487,2025,Matthew Lugo,LAA,17,0,0.235,0,0.353,0.353,0.588,0.941,0.235,0.417,3,1.2,0.401,160
488,2025,Victor Mesa Jr.,MIA,12,0.083,0.083,1,0.3,0.364,0.6,0.964,0.3,0.25,2,0.9,0.409,164
489,2025,Maverick Handley,BAL,7,0.143,0.429,0.3,0,0.286,0,0.286,0,0,0,-0.6,0.202,25
490,2025,Francisco Alvarez,NYM,66,0.152,0.212,0.7,0.268,0.379,0.571,0.95,0.304,0.308,13,4.8,0.402,164
491,2025,Brett Baty,NYM,83,0.048,0.229,0.2,0.247,0.301,0.377,0.678,0.13,0.291,9,-1,0.299,94
492,2025,Kyle Stowers,MIA,103,0.087,0.204,0.4,0.253,0.33,0.352,0.682,0.099,0.314,11,-0.8,0.304,92
493,2025,Andrew Vaughn,2 Tms,132,0.106,0.136,0.8,0.313,0.389,0.47,0.859,0.157,0.347,22,6.6,0.374,142
494,2025,Jake Mangum,TBR,137,0.036,0.124,0.3,0.279,0.309,0.341,0.65,0.062,0.313,13,-3,0.286,81
495,2025,Tyler Fitzgerald,SFG,75,0.133,0.32,0.4,0.222,0.338,0.317,0.655,0.095,0.342,8,-0.8,0.3,94
496,2025,Darell Hernaiz,ATH,57,0.14,0.105,1.3,0.25,0.357,0.375,0.732,0.125,0.268,7,0.7,0.328,107
497,2025,John Rave,KCR,23,0.13,0.217,0.6,0.278,0.409,0.278,0.687,0,0.385,3,0.3,0.328,107
498,2025,Adley Rutschman,BAL,110,0.118,0.155,0.8,0.258,0.345,0.361,0.706,0.103,0.304,13,0.3,0.316,104
499,2025,Gunnar Henderson,BAL,210,0.067,0.243,0.3,0.224,0.286,0.318,0.603,0.094,0.288,17,-7.5,0.269,71
500,2025,Bryson Stott,PHI,123,0.081,0.179,0.5,0.225,0.287,0.288,0.575,0.063,0.27,9,-5.4,0.259,61
501,2025,Oliver Dunn,MIL,6,0,0.167,0,0,0,0,0,0,0,-1,-1.5,0,-100
502,2025,Josh Jung,TEX,146,0.041,0.212,0.2,0.25,0.281,0.407,0.688,0.157,0.288,15,-1.9,0.297,91
503,2025,Michael Busch,CHC,95,0.074,0.274,0.3,0.207,0.274,0.368,0.642,0.161,0.246,9,-2.4,0.282,81
504,2025,Spencer Steer,CIN,130,0.092,0.254,0.4,0.229,0.3,0.432,0.732,0.203,0.266,16,0.5,0.317,98
505,2025,Jonny DeLuca,TBR,23,0,0.217,0,0.261,0.261,0.435,0.696,0.174,0.333,2,-0.4,0.291,84
506,2025,JJ Bleday,ATH,73,0.068,0.247,0.3,0.324,0.37,0.5,0.87,0.176,0.404,12,3.7,0.376,141
507,2025,Kameron Misner,TBR,42,0.048,0.381,0.1,0.154,0.214,0.256,0.471,0.103,0.227,2,-3.4,0.212,30
508,2025,Josh Smith,TEX,121,0.074,0.264,0.3,0.206,0.277,0.224,0.502,0.019,0.289,7,-7.8,0.234,47
509,2025,Kyren Paris,LAA,22,0.045,0.364,0.1,0.263,0.364,0.632,0.995,0.368,0.333,4,1.9,0.419,172
510,2025,Dominic Canzone,SEA,68,0.118,0.221,0.5,0.276,0.368,0.345,0.712,0.069,0.349,9,0.5,0.322,113
511,2025,Matt Wallner,MIN,97,0.113,0.206,0.6,0.224,0.32,0.471,0.79,0.247,0.246,14,2.2,0.341,118
512,2025,Luis Matos,SFG,86,0.047,0.151,0.3,0.183,0.221,0.415,0.636,0.232,0.156,7,-3,0.27,73
513,2025,Spencer Horwitz,PIT,51,0.137,0.255,0.5,0.186,0.314,0.279,0.593,0.093,0.241,5,-1.5,0.277,74
514,2025,Noelvi Marte,CIN,104,0.077,0.269,0.3,0.232,0.288,0.274,0.562,0.042,0.313,7,-4.9,0.255,55
515,2025,Warming Bernabel,COL,29,0,0.069,0,0.276,0.276,0.379,0.655,0.103,0.269,3,-0.7,0.283,66
516,2025,Angel Martínez,CLE,169,0.077,0.201,0.4,0.279,0.349,0.442,0.792,0.163,0.327,24,4.3,0.344,123
517,2025,Agustín Ramírez,MIA,166,0.078,0.259,0.3,0.213,0.283,0.367,0.65,0.153,0.255,15,-4.4,0.281,77
518,2025,Luisangel Acuña,NYM,67,0.09,0.239,0.4,0.224,0.308,0.276,0.584,0.052,0.31,5,-2.4,0.268,73
519,2025,Jonatan Clase,TOR,31,0.129,0.161,0.8,0.185,0.29,0.185,0.476,0,0.227,2,-2.1,0.232,45
520,2025,Elly De La Cruz,CIN,210,0.052,0.29,0.2,0.236,0.276,0.342,0.618,0.106,0.316,17,-7.7,0.268,64
521,2025,Austin Martin,MIN,57,0.088,0.175,0.5,0.346,0.404,0.481,0.884,0.135,0.415,10,3.4,0.386,149
522,2025,Dillon Dingler,DET,121,0.074,0.223,0.3,0.33,0.38,0.58,0.961,0.25,0.4,23,9.1,0.406,164
523,2025,Spencer Torkelson,DET,190,0.147,0.221,0.7,0.264,0.368,0.516,0.884,0.252,0.291,31,8.3,0.367,137
524,2025,Tyler Soderstrom,ATH,146,0.055,0.26,0.2,0.27,0.315,0.423,0.738,0.153,0.34,18,1,0.321,103
525,2025,Jordan Walker,STL,107,0.075,0.299,0.3,0.255,0.318,0.347,0.665,0.092,0.359,11,-1.8,0.293,88
526,2025,Patrick Bailey,SFG,121,0.058,0.298,0.2,0.212,0.256,0.31,0.566,0.097,0.299,8,-6.4,0.248,58
527,2025,Masyn Winn,STL,163,0.067,0.19,0.4,0.255,0.313,0.349,0.662,0.094,0.308,17,-2.6,0.294,89
528,2025,Robert Hassell III,WSN,38,0.053,0.342,0.2,0.229,0.289,0.257,0.547,0.029,0.364,3,-1.9,0.251,57
529,2025,Nick Gonzales,PIT,99,0.071,0.182,0.4,0.242,0.303,0.385,0.688,0.143,0.282,11,-0.9,0.301,90
530,2025,Rece Hinds,CIN,19,0,0.684,0,0,0,0,0,0,0,-3,-4.8,0,-100
531,2025,Justin Foscue,TEX,9,0,0.333,0,0.111,0.111,0.222,0.333,0.111,0.167,0,-1.3,0.139,-18
532,2025,Nick Yorke,PIT,25,0.04,0.16,0.3,0.333,0.36,0.417,0.777,0.083,0.4,3,0.5,0.34,116
533,2025,Ha-Seong Kim,2 Tms,60,0.067,0.15,0.4,0.286,0.333,0.375,0.708,0.089,0.326,7,0,0.313,99
534,2025,David Hamilton,BOS,20,0,0.3,0,0.158,0.2,0.158,0.358,0,0.231,0,-2.3,0.168,-4
535,2025,Edouard Julien,MIN,45,0.067,0.311,0.2,0.25,0.333,0.425,0.758,0.175,0.36,6,0.7,0.333,113
536,2025,Garrett Mitchell,MIL,24,0.083,0.167,0.5,0.2,0.304,0.2,0.504,0,0.25,2,-1.3,0.245,54
537,2025,Austin Wells,NYY,137,0.058,0.255,0.2,0.24,0.285,0.448,0.733,0.208,0.276,16,-0.3,0.311,100
538,2025,Casey Schmitt,SFG,120,0.1,0.258,0.4,0.196,0.283,0.318,0.601,0.121,0.257,10,-4.5,0.267,71
539,2025,Alec Burleson,STL,127,0.055,0.157,0.4,0.271,0.31,0.398,0.708,0.127,0.302,14,-0.6,0.307,98
540,2025,Nick Loftin,KCR,68,0.074,0.162,0.5,0.197,0.279,0.328,0.607,0.131,0.208,6,-2.2,0.273,69
541,2025,Anthony Volpe,NYY,172,0.081,0.238,0.3,0.253,0.316,0.416,0.731,0.162,0.315,21,0.5,0.317,104
542,2025,Christian Koss,SFG,47,0.043,0.362,0.1,0.279,0.34,0.302,0.643,0.023,0.462,5,-0.8,0.293,89
543,2025,Vinnie Pasquantino,KCR,164,0.049,0.238,0.2,0.212,0.25,0.364,0.614,0.152,0.236,13,-6.6,0.264,63
544,2025,Michael Massey,KCR,49,0.02,0.184,0.1,0.234,0.25,0.277,0.527,0.043,0.289,3,-3.2,0.232,41
545,2025,Joey Wiemer,MIA,34,0.059,0.353,0.2,0.214,0.294,0.5,0.794,0.286,0.25,4,0.1,0.318,102
546,2025,Brett Wisely,SFG,9,0.111,0.222,0.5,0.25,0.333,0.375,0.708,0.125,0.333,1,0,0.314,103
547,2025,Pete Crow-Armstrong,CHC,188,0.027,0.293,0.1,0.188,0.217,0.376,0.594,0.188,0.219,13,-9.6,0.25,59
548,2025,Zac Veen,COL,10,0.2,0.2,1,0,0.2,0,0.2,0,0,0,-1.4,0.138,-33
549,2025,Shay Whitcomb,HOU,10,0,0.1,0,0.1,0.1,0.4,0.5,0.3,0,0,-0.9,0.204,25
550,2025,Evan Carter,TEX,28,0.143,0.179,0.8,0.087,0.25,0.087,0.337,0,0.111,0,-2.9,0.188,15
551,2025,Jordan Westburg,BAL,108,0.046,0.204,0.2,0.267,0.306,0.436,0.741,0.168,0.293,13,0.6,0.32,106
552,2025,Matt Mervis,MIA,10,0.1,0.4,0.3,0.222,0.3,0.667,0.967,0.444,0.25,2,0.7,0.398,157
553,2025,Thomas Saggese,STL,68,0.015,0.294,0.1,0.273,0.279,0.348,0.628,0.076,0.37,6,-2.3,0.272,74
554,2025,Colt Keith,DET,46,0.065,0.261,0.3,0.163,0.217,0.186,0.403,0.023,0.226,1,-4.7,0.187,13
555,2025,Alejandro Osuna,TEX,13,0.077,0.231,0.3,0.091,0.231,0.182,0.413,0.091,0.125,0,-1.1,0.205,27
556,2025,Adael Amador,COL,25,0.08,0.24,0.3,0.043,0.12,0.043,0.163,0,0.059,-2,-4.5,0.091,-66
557,2025,Maximo Acosta,MIA,20,0.1,0.35,0.3,0.176,0.3,0.176,0.476,0,0.3,1,-1.2,0.238,47
558,2025,Edgar Quero,CHW,137,0.051,0.168,0.3,0.357,0.394,0.457,0.852,0.101,0.429,23,6.6,0.372,141
559,2025,Jasson Domínguez,NYY,104,0.087,0.327,0.3,0.204,0.279,0.29,0.569,0.086,0.305,8,-4.7,0.257,63
560,2025,Jhostynxon Garcia,BOS,7,0.286,0.571,0.5,0.2,0.429,0.4,0.829,0.2,1,1,0.4,0.376,140
561,2025,Junior Caminero,TBR,192,0.063,0.161,0.4,0.25,0.297,0.5,0.797,0.25,0.23,26,3.4,0.335,115
562,2025,Javier Sanoja,MIA,133,0.053,0.143,0.4,0.233,0.285,0.392,0.676,0.158,0.253,14,-2.1,0.293,85
563,2025,Coby Mayo,BAL,97,0.093,0.258,0.4,0.253,0.33,0.437,0.767,0.184,0.31,13,1.7,0.335,116
564,2025,Yanquiel Fernández,COL,9,0,0.222,0,0.333,0.333,0.444,0.778,0.111,0.429,1,0.2,0.335,102
565,2025,Jackson Chourio,MIL,149,0.074,0.221,0.3,0.343,0.389,0.584,0.973,0.241,0.408,29,11.9,0.411,168
566,2025,Denzer Guzman,LAA,8,0,0.625,0,0,0,0,0,0,0,-1,-2,0,-100
567,2025,Samuel Basallo,BAL,25,0.12,0.2,0.6,0.143,0.28,0.286,0.566,0.143,0.133,2,-1,0.264,68
568,2025,Carter Jensen,KCR,14,0.143,0,2,0.167,0.286,0.167,0.452,0,0.167,1,-1,0.225,36
569,2025,Blake Dunn,CIN,35,0.143,0.371,0.4,0.154,0.371,0.231,0.602,0.077,0.308,4,-0.3,0.303,88
570,2025,Jackson Merrill,SDP,170,0.053,0.2,0.3,0.236,0.278,0.369,0.648,0.134,0.285,16,-4.5,0.28,81
571,2025,James Wood,WSN,227,0.075,0.313,0.2,0.278,0.33,0.493,0.823,0.215,0.362,34,7.1,0.351,126
572,2025,Bryce Teodosio,LAA,28,0.036,0.321,0.1,0.25,0.296,0.458,0.755,0.208,0.333,3,0.1,0.319,103
573,2025,Ryan Bliss,SEA,15,0.067,0.4,0.2,0.214,0.267,0.286,0.552,0.071,0.375,1,-0.8,0.247,61
574,2025,Adrian Del Castillo,ARI,9,0.111,0.444,0.3,0,0.111,0,0.111,0,0,-1,-1.7,0.077,-63
575,2025,Tim Tawa,ARI,82,0.061,0.293,0.2,0.253,0.293,0.333,0.626,0.08,0.346,7,-2.6,0.274,72
576,2025,Trey Sweeney,DET,50,0.04,0.3,0.1,0.239,0.26,0.283,0.543,0.043,0.333,3,-3.1,0.236,47
577,2025,Ben Rice,NYY,119,0.084,0.277,0.3,0.208,0.271,0.481,0.752,0.274,0.221,14,0.3,0.316,104
578,2025,Colton Cowser,BAL,92,0.033,0.359,0.1,0.188,0.25,0.388,0.638,0.2,0.234,8,-2.6,0.278,78
579,2025,Connor Norby,MIA,101,0.129,0.267,0.5,0.184,0.297,0.287,0.584,0.103,0.241,8,-3.5,0.27,69
580,2025,Justyn-Henry Malloy,DET,70,0.186,0.214,0.9,0.25,0.4,0.357,0.757,0.107,0.325,10,2,0.348,124
581,2025,Henry Davis,PIT,62,0.081,0.242,0.3,0.14,0.21,0.298,0.508,0.158,0.128,3,-4.4,0.226,38
582,2025,Sal Frelick,MIL,174,0.057,0.132,0.4,0.301,0.357,0.34,0.696,0.038,0.351,21,0,0.313,101
583,2025,Joey Loperfido,TOR,23,0.043,0.174,0.3,0.35,0.409,0.35,0.759,0,0.438,3,0.6,0.345,123
584,2025,Will Wagner,2 Tms,20,0.05,0.2,0.3,0.167,0.211,0.222,0.433,0.056,0.214,0,-1.9,0.195,20
585,2025,Caleb Durbin,MIL,133,0.053,0.053,1,0.258,0.326,0.392,0.717,0.133,0.248,16,0.5,0.317,104
586,2025,Marcelo Mayer,BOS,27,0.037,0.37,0.1,0.154,0.185,0.231,0.416,0.077,0.25,0,-2.9,0.182,6
587,2025,Matt McLain,CIN,131,0.122,0.305,0.4,0.228,0.328,0.351,0.679,0.123,0.324,15,-0.8,0.306,90
588,2025,Braxton Fulford,COL,43,0.07,0.233,0.3,0.282,0.326,0.462,0.787,0.179,0.367,6,0.7,0.332,100
589,2025,Colson Montgomery,CHW,83,0.06,0.205,0.3,0.234,0.289,0.442,0.731,0.208,0.25,10,0.1,0.315,101
590,2025,Hunter Goodman,COL,140,0.079,0.243,0.3,0.281,0.343,0.555,0.898,0.273,0.326,24,7.7,0.381,133
591,2025,Zack Gelof,ATH,26,0.038,0.615,0.1,0.12,0.154,0.16,0.314,0.04,0.333,-1,-3.6,0.143,-20
592,2025,Max Muncy,ATH,44,0.091,0.318,0.3,0.2,0.273,0.275,0.548,0.075,0.28,3,-2.3,0.25,54
593,2025,Brett Harris,ATH,31,0.097,0.29,0.3,0.222,0.3,0.259,0.559,0.037,0.333,2,-1.4,0.258,59
594,2025,Kyle Manzardo,CLE,95,0.074,0.263,0.3,0.186,0.253,0.419,0.671,0.233,0.193,9,-2,0.287,83
595,2025,Jack Winkler,MIA,13,0,0.308,0,0.231,0.231,0.385,0.615,0.154,0.333,1,-0.6,0.26,63
596,2025,Liam Hicks,MIA,66,0.121,0.152,0.8,0.196,0.333,0.235,0.569,0.039,0.238,6,-2.1,0.274,72
597,2025,Denzel Clarke,ATH,31,0.065,0.387,0.2,0.179,0.233,0.429,0.662,0.25,0.267,3,-0.8,0.28,74
598,2025,Jacob Young,WSN,103,0.107,0.184,0.6,0.225,0.317,0.27,0.586,0.045,0.286,9,-3.4,0.272,72
599,2025,Jordan Lawlar,ARI,37,0.108,0.27,0.4,0.188,0.27,0.313,0.583,0.125,0.261,3,-1.7,0.258,61
600,2025,Brady House,WSN,82,0.024,0.317,0.1,0.215,0.232,0.266,0.498,0.051,0.315,3,-6.3,0.218,35
601,2025,Daylen Lile,WSN,77,0.039,0.221,0.2,0.254,0.303,0.38,0.683,0.127,0.308,8,-0.8,0.3,91
602,2025,Christian Encarnacion-Strand,CIN,33,0,0.333,0,0.061,0.061,0.061,0.121,0,0.091,-3,-7,0.053,-83
603,2025,Bob Seymour,TBR,18,0,0.611,0,0.222,0.222,0.222,0.444,0,0.571,0,-1.7,0.196,19
604,2025,Carson Williams,TBR,37,0.108,0.405,0.3,0.182,0.27,0.455,0.725,0.273,0.2,4,0,0.311,98
605,2025,Seiya Suzuki,CHC,184,0.152,0.234,0.7,0.237,0.348,0.487,0.835,0.25,0.252,28,6.2,0.355,130
606,2025,Heston Kjerstad,BAL,23,0.043,0.391,0.1,0.095,0.174,0.095,0.269,0,0.167,-1,-3.3,0.138,-19
607,2025,Zach Neto,LAA,110,0.064,0.318,0.2,0.23,0.291,0.5,0.791,0.27,0.271,14,0.8,0.322,105
608,2025,Victor Scott II,STL,131,0.084,0.275,0.3,0.204,0.29,0.241,0.531,0.037,0.297,8,-7,0.247,57
609,2025,Jimmy Crooks,STL,8,0,0.25,0,0.25,0.25,0.625,0.875,0.375,0.2,1,0.3,0.365,138
610,2025,Nathan Church,STL,14,0,0.286,0,0.417,0.417,0.5,0.917,0.083,0.625,3,1,0.398,161
611,2025,Graham Pauley,MIA,24,0.208,0.083,2.5,0.222,0.391,0.333,0.725,0.111,0.25,3,0.4,0.336,114
612,2025,Jakob Marsee,MIA,81,0.074,0.222,0.3,0.324,0.37,0.554,0.924,0.23,0.389,15,5.2,0.392,153
613,2025,Dalton Rushing,LAD,41,0.073,0.366,0.2,0.171,0.244,0.171,0.415,0,0.273,1,-3.9,0.197,21
614,2025,Brooks Baldwin,CHW,64,0.063,0.188,0.3,0.203,0.254,0.305,0.559,0.102,0.239,4,-3.4,0.248,55
615,2025,Tyler Locklear,ARI,37,0.054,0.432,0.1,0.147,0.216,0.324,0.54,0.176,0.188,2,-2.2,0.239,48
616,2025,Jordan Beck,COL,137,0.066,0.307,0.2,0.291,0.343,0.488,0.831,0.197,0.4,21,5,0.358,117
617,2025,Ryan Ritter,COL,44,0.023,0.205,0.1,0.3,0.326,0.375,0.701,0.075,0.375,5,-0.3,0.305,81
618,2025,Sal Stewart,CIN,7,0,0.143,0,0.286,0.286,0.714,1,0.429,0.2,1,0.6,0.417,166
619,2025,Tim Elko,CHW,20,0.05,0.65,0.1,0.105,0.15,0.263,0.413,0.158,0.2,0,-2.2,0.181,9
620,2025,Drake Baldwin,ATL,95,0.074,0.158,0.5,0.299,0.358,0.46,0.818,0.161,0.324,15,3.3,0.356,129
621,2025,Drew Gilbert,SFG,19,0.053,0.263,0.2,0.111,0.158,0.167,0.325,0.056,0.154,0,-2.5,0.149,-10
622,2025,Zach Dezenzo,HOU,11,0.182,0.273,0.7,0.222,0.364,0.444,0.808,0.222,0.333,2,0.4,0.353,129
623,2025,Alan Roden,2 Tms,26,0.115,0.115,1,0.143,0.308,0.286,0.593,0.143,0.118,2,-0.7,0.282,78
624,2025,Chase Meidroth,CHW,156,0.096,0.173,0.6,0.279,0.348,0.343,0.691,0.064,0.333,18,-0.3,0.311,99
625,2025,Zach Cole,HOU,11,0.273,0.364,0.8,0.125,0.364,0.125,0.489,0,0.25,1,-0.4,0.269,70
626,2025,Brooks Lee,MIN,178,0.034,0.208,0.2,0.266,0.298,0.379,0.676,0.112,0.313,18,-2.6,0.295,87
627,2025,Jacob Melton,HOU,15,0.067,0.333,0.2,0.143,0.2,0.143,0.343,0,0.222,0,-1.8,0.164,-2
628,2025,Alex Freeland,LAD,16,0.125,0.5,0.3,0.143,0.25,0.143,0.393,0,0.333,0,-1.5,0.197,21
629,2025,Cole Young,SEA,67,0.104,0.209,0.5,0.22,0.313,0.322,0.635,0.102,0.289,6,-1.4,0.287,89
630,2025,Dylan Beavers,BAL,25,0.2,0.16,1.3,0.15,0.32,0.35,0.67,0.2,0.133,3,-0.2,0.305,96
631,2025,Nacho Alvarez Jr.,ATL,55,0.091,0.255,0.4,0.149,0.241,0.191,0.432,0.043,0.206,2,-4.8,0.205,26
632,2025,Jackson Holliday,BAL,179,0.061,0.24,0.3,0.2,0.263,0.309,0.572,0.109,0.246,13,-8.4,0.255,62
633,2025,Otto Kemp,PHI,74,0.095,0.351,0.3,0.231,0.324,0.462,0.786,0.231,0.314,10,1.7,0.341,118
634,2025,Roman Anthony,BOS,98,0.082,0.388,0.2,0.278,0.337,0.433,0.77,0.156,0.438,13,1.8,0.336,112
635,2025,Masataka Yoshida,BOS,32,0.031,0.125,0.3,0.226,0.25,0.258,0.508,0.032,0.259,2,-2.3,0.226,36
636,2025,Colby Thomas,ATH,69,0.087,0.362,0.2,0.246,0.304,0.59,0.895,0.344,0.281,11,3.1,0.368,136
637,2025,Chandler Simpson,TBR,113,0.044,0.08,0.6,0.299,0.33,0.299,0.629,0,0.327,11,-2.8,0.283,79
638,2025,Rafael Flores Jr.,PIT,9,0.111,0.556,0.2,0.125,0.222,0.25,0.472,0.125,0.333,0,-0.7,0.216,32
639,2025,Carson McCusker,MIN,25,0.04,0.48,0.1,0.208,0.24,0.208,0.448,0,0.417,1,-2.2,0.204,24
640,2025,Nolan Schanuel,LAA,125,0.104,0.112,0.9,0.274,0.363,0.368,0.731,0.094,0.293,16,1.4,0.327,109
641,2025,Ben Williamson,SEA,94,0.074,0.202,0.4,0.259,0.323,0.318,0.64,0.059,0.333,9,-1.9,0.288,90
642,2025,Kyle Karros,COL,34,0.088,0.235,0.4,0.129,0.206,0.194,0.399,0.065,0.174,1,-3.5,0.187,0
643,2025,Jacob Wilson,ATH,117,0.043,0.068,0.6,0.336,0.371,0.491,0.862,0.155,0.337,20,5.7,0.373,139
644,2025,Brice Matthews,HOU,11,0.091,0.545,0.2,0,0.091,0,0.091,0,0,-1,-2.2,0.063,-72
645,2025,Luke Keaschall,MIN,66,0.045,0.227,0.2,0.169,0.242,0.271,0.514,0.102,0.205,3,-4.3,0.232,44
646,2025,Matt Shaw,CHC,110,0.091,0.2,0.5,0.25,0.318,0.49,0.808,0.24,0.264,16,3,0.346,125
647,2025,Wyatt Langford,TEX,164,0.183,0.25,0.7,0.254,0.39,0.44,0.831,0.187,0.33,26,6.9,0.365,137
648,2025,Dylan Crews,WSN,79,0.038,0.228,0.2,0.2,0.241,0.28,0.521,0.08,0.25,4,-5.3,0.231,44
649,2025,Kyle Teel,CHW,52,0.135,0.385,0.4,0.186,0.314,0.233,0.546,0.047,0.348,4,-2.2,0.262,65
650,2025,Kristian Campbell,BOS,74,0.162,0.203,0.8,0.207,0.365,0.31,0.675,0.103,0.256,9,0.1,0.315,97
651,2025,CJ Kayfus,CLE,22,0,0.318,0,0.19,0.227,0.381,0.608,0.19,0.231,2,-0.9,0.263,67
652,2025,Jung Hoo Lee,SFG,166,0.042,0.181,0.2,0.241,0.277,0.354,0.632,0.114,0.28,15,-5,0.276,77
653,2025,Christian Moore,LAA,42,0.048,0.333,0.1,0.25,0.286,0.55,0.836,0.3,0.304,6,1.3,0.352,126
654,2025,Jac Caglianone,KCR,67,0.06,0.224,0.3,0.18,0.254,0.377,0.631,0.197,0.186,6,-2,0.275,71
655,2025,Cam Smith,HOU,137,0.124,0.277,0.4,0.261,0.365,0.452,0.817,0.191,0.347,21,4.7,0.355,130
656,2025,Nick Kurtz,ATH,153,0.078,0.353,0.2,0.197,0.261,0.423,0.685,0.226,0.234,15,-2.6,0.292,83
657,2025,Hyeseong Kim,LAD,21,0,0.381,0,0.381,0.381,0.571,0.952,0.19,0.583,4,1.6,0.409,166
