#,Season,Name,Tm,IP,TBF,K/9,BB/9,K/BB,HR/9,K%,BB%,K-BB%,AVG,WHIP,BABIP,LOB%,FIP,xFIP
1,2025,Adam Ottavino,NYY,0.1,3,27.0,54.0,0.5,0.0,0.333,0.667,-0.333,0.0,6.0,0.0,1.0,15.14,15.14
2,2025,Casey Kelly,ARI,0.1,1,0.0,0.0,0.0,0.0,0.0,0.0,0.0,0.0,0.0,0.0,1.0,3.14,3.14
3,2025,Clayton Kershaw,LAD,21.1,94,6.8,3.0,2.3,0.4,0.17,0.074,0.096,0.267,1.41,0.319,0.777,3.37,4.35
4,2025,Gary Sánchez,BAL,0.2,2,0.0,0.0,0.0,0.0,0.0,0.0,0.0,0.0,0.0,0.0,1.0,3.14,7.76
5,2025,Kenley Jansen,LAA,28.2,124,7.5,5.0,1.5,1.6,0.194,0.129,0.065,0.217,1.36,0.228,0.906,5.4,5.45
6,2025,Luke Maile,KCR,1.0,4,0.0,9.0,0.0,0.0,0.0,0.25,-0.25,0.0,1.0,0.0,1.0,6.14,9.22
7,2025,Max Scherzer,TOR,47.2,200,7.2,2.5,2.9,2.5,0.19,0.065,0.125,0.257,1.28,0.257,0.794,5.9,5.14
8,2025,Tomás Nido,DET,1.0,3,0.0,0.0,0.0,0.0,0.0,0.0,0.0,0.0,0.0,0.0,1.0,3.14,6.22
9,2025,T.J. McFarland,ATH,6.0,30,7.5,1.5,5.0,0.0,0.167,0.033,0.133,0.393,2.0,0.478,0.846,2.47,3.75
10,2025,Travis Jankowski,NYM,0.1,2,0.0,0.0,0.0,0.0,0.0,0.0,0.0,0.0,0.0,0.0,0.0,12.14,16.76
11,2025,Liam Hendriks,BOS,5.0,24,7.2,1.8,4.0,1.8,0.167,0.042,0.125,0.273,1.4,0.294,0.152,5.34,5.82
12,2025,Kyle Farmer,COL,0.0,2,0.0,0.0,0.0,0.0,0.0,0.0,0.0,1.0,2.0,1.0,1.0,3.14,3.14
13,2025,Justin Wilson,BOS,24.0,96,9.4,3.4,2.8,0.4,0.26,0.094,0.167,0.212,1.13,0.283,0.789,2.84,3.65
14,2025,Amed Rosario,WSN,0.2,3,0.0,0.0,0.0,0.0,0.0,0.0,0.0,0.333,1.5,0.333,0.0,3.14,5.45
15,2025,Charlie Morton,2 Tms,75.0,344,10.2,5.2,2.0,1.2,0.247,0.125,0.122,0.257,1.53,0.318,0.732,4.76,4.57
16,2025,Reese McGuire,CHC,0.1,2,0.0,0.0,0.0,0.0,0.0,0.0,0.0,0.5,3.0,0.5,1.0,3.14,7.76
17,2025,Rich Hill,KCR,3.0,11,6.0,6.0,1.0,0.0,0.182,0.182,0.0,0.111,1.0,0.143,0.667,3.8,4.32
18,2025,Rowdy Tellez,TEX,0.2,3,0.0,0.0,0.0,0.0,0.0,0.0,0.0,0.333,1.5,0.333,1.0,3.14,5.45
19,2025,Jesse Chavez,ATL,2.0,17,13.5,18.0,0.8,9.0,0.176,0.235,-0.059,0.538,5.5,0.625,1.0,19.14,9.99
20,2025,Tyler Wade,SDP,0.1,3,0.0,27.0,0.0,0.0,0.0,0.333,-0.333,0.5,6.0,0.5,1.0,12.14,16.76
21,2025,Ryan Brasier,CHC,8.2,39,10.4,2.1,5.0,1.0,0.256,0.051,0.205,0.297,1.5,0.385,0.517,3.02,3.12
22,2025,Austin Nola,COL,0.2,3,0.0,0.0,0.0,0.0,0.0,0.0,0.0,1.0,1.5,0.333,-1.0,3.14,7.76
23,2025,Huascar Brazobán,NYM,23.2,110,6.8,6.8,1.0,1.5,0.164,0.164,0.0,0.275,1.82,0.3,0.802,6.09,5.72
24,2025,Austin Slater,NYY,0.1,1,0.0,0.0,0.0,0.0,0.0,0.0,0.0,0.0,0.0,0.0,1.0,3.14,3.14
25,2025,Albert Suárez,BAL,4.2,19,5.8,1.9,3.0,0.0,0.158,0.053,0.105,0.235,1.07,0.286,0.833,3.14,5.12
26,2025,Pablo Reyes,NYY,0.1,4,0.0,0.0,0.0,27.0,0.0,0.0,0.0,0.75,9.0,0.667,0.0,42.14,12.39
27,2025,Robert Stock,BOS,1.1,9,0.0,27.0,0.0,0.0,0.0,0.444,-0.444,0.4,4.5,0.4,0.833,12.14,15.6
28,2025,Isiah Kiner-Falefa,TOR,0.1,1,0.0,0.0,0.0,0.0,0.0,0.0,0.0,0.0,0.0,0.0,1.0,3.14,7.76
29,2025,Carlos Carrasco,2 Tms,27.0,126,5.3,3.7,1.5,1.7,0.127,0.087,0.04,0.327,1.78,0.34,0.634,5.58,5.4
30,2025,Jose Herrera,ARI,0.2,3,0.0,0.0,0.0,0.0,0.0,0.0,0.0,0.333,1.5,0.333,0.0,3.14,5.45
31,2025,Craig Kimbrel,2 Tms,4.2,20,11.6,7.7,1.5,3.9,0.3,0.2,0.1,0.313,1.93,0.375,0.806,8.71,5.45
32,2025,Jorge Mateo,BAL,0.0,2,0.0,9.0,0.0,0.0,0.0,0.5,-0.5,1.0,2.0,1.0,1.0,6.14,7.68
33,2025,Martín Pérez,CHW,16.1,57,7.7,1.1,7.0,0.6,0.246,0.035,0.211,0.145,0.61,0.175,0.581,2.58,3.49
34,2025,Alex Jackson,BAL,0.0,2,0.0,9.0,0.0,0.0,0.0,0.5,-0.5,1.0,2.0,1.0,0.5,6.14,7.68
35,2025,Luis García,3 Tms,24.1,101,7.4,5.2,1.4,0.0,0.198,0.139,0.059,0.256,1.48,0.328,0.722,3.22,3.98
36,2025,Willi Castro,MIN,0.0,1,0.0,0.0,0.0,0.0,0.0,0.0,0.0,1.0,1.0,1.0,1.0,3.14,3.14
37,2025,Ryan Pressly,CHC,22.0,94,6.5,3.7,1.8,1.2,0.17,0.096,0.074,0.289,1.5,0.318,0.868,4.68,4.1
38,2025,Ryan Burr,TOR,0.1,1,0.0,0.0,0.0,0.0,0.0,0.0,0.0,0.0,0.0,0.0,1.0,3.14,7.76
39,2025,Fernando Cruz,NYY,18.2,80,12.5,3.9,3.3,1.0,0.325,0.1,0.225,0.225,1.29,0.318,0.755,3.03,3.2
40,2025,Scott Kingery,LAA,0.1,5,27.0,0.0,1.0,54.0,0.2,0.0,0.2,0.8,12.0,1.0,-1.667,75.14,11.01
41,2025,Miguel Rojas,LAD,2.1,12,0.0,3.9,0.0,3.9,0.0,0.083,-0.083,0.455,2.57,0.4,0.435,9.99,8.39
42,2025,Ali Sánchez,TOR,0.2,3,0.0,0.0,0.0,0.0,0.0,0.0,0.0,0.5,1.5,0.333,0.0,3.14,7.76
43,2025,Hunter Strickland,LAA,10.0,43,4.5,4.5,1.0,0.9,0.116,0.116,0.0,0.184,1.2,0.188,0.849,4.94,5.79
44,2025,José Quijada,LAA,0.2,3,13.5,13.5,1.0,0.0,0.333,0.333,0.0,0.0,1.5,0.0,1.0,4.64,4.64
45,2025,David Robertson,PHI,7.1,36,12.3,4.9,2.5,2.5,0.278,0.111,0.167,0.313,1.91,0.4,0.714,5.59,3.52
46,2025,Garrett Hampson,STL,0.1,1,0.0,0.0,0.0,0.0,0.0,0.0,0.0,0.0,0.0,0.0,1.0,3.14,3.14
47,2025,Justin Verlander,SFG,72.0,320,8.5,3.9,2.2,0.9,0.213,0.097,0.116,0.262,1.46,0.316,0.782,3.89,4.59
48,2025,Cooper Hummel,HOU,0.1,4,0.0,0.0,0.0,27.0,0.0,0.0,0.0,0.75,9.0,0.667,0.0,42.14,12.39
49,2025,Wade Miley,CIN,4.2,16,3.9,0.0,2.0,0.0,0.125,0.0,0.125,0.133,0.43,0.143,1.0,2.28,3.6
50,2025,Chas McCormick,HOU,1.0,5,0.0,9.0,0.0,0.0,0.0,0.2,-0.2,0.0,1.0,0.0,0.5,9.14,12.22
51,2025,Kirby Yates,LAD,16.1,68,8.8,2.8,3.2,2.8,0.235,0.074,0.162,0.258,1.29,0.262,0.571,6.07,4.45
52,2025,Reiver Sanmartin,CIN,0.1,1,0.0,0.0,0.0,0.0,0.0,0.0,0.0,0.0,0.0,0.0,1.0,3.14,7.76
53,2025,Nathan Eovaldi,TEX,65.2,260,9.0,1.5,6.0,0.8,0.254,0.042,0.212,0.202,0.91,0.249,0.827,3.0,3.22
54,2025,Alan Trejo,COL,0.2,2,0.0,0.0,0.0,0.0,0.0,0.0,0.0,0.5,1.5,0.5,1.0,3.14,3.14
55,2025,Patrick Corbin,TEX,40.0,167,7.9,3.6,2.2,1.1,0.21,0.096,0.114,0.235,1.28,0.27,0.727,4.21,4.01
56,2025,Jared Young,NYM,0.1,2,0.0,0.0,0.0,0.0,0.0,0.0,0.0,0.5,3.0,0.5,1.0,3.14,7.76
57,2025,Miles Mikolas,STL,85.1,364,5.6,2.2,2.5,1.8,0.146,0.058,0.088,0.27,1.31,0.274,0.68,5.33,5.1
58,2025,Tyler Matzek,NYY,2.0,15,4.5,13.5,0.3,0.0,0.067,0.2,-0.133,0.5,4.5,0.545,0.889,6.64,9.72
59,2025,Kyle Nelson,ARI,0.2,4,13.5,13.5,1.0,13.5,0.25,0.25,0.0,0.333,3.0,0.0,1.0,24.14,9.26
60,2025,Brooks Raley,NYM,8.2,33,10.4,3.1,3.3,0.0,0.303,0.091,0.212,0.103,0.69,0.158,0.429,2.21,3.46
61,2025,Kody Clemens,MIN,0.1,2,0.0,0.0,0.0,27.0,0.0,0.0,0.0,0.5,3.0,0.0,1.0,42.14,12.39
62,2025,Caleb Thielbar,CHC,25.1,95,9.6,2.1,4.5,0.7,0.284,0.063,0.221,0.161,0.79,0.2,0.64,2.74,3.54
63,2025,Logan Porter,SFG,0.1,2,0.0,0.0,0.0,0.0,0.0,0.0,0.0,0.5,3.0,0.5,1.0,3.14,3.14
64,2025,Kyle Gibson,BAL,4.2,35,3.9,7.7,0.5,7.7,0.057,0.114,-0.057,0.567,4.5,0.52,0.519,15.99,8.15
65,2025,Leo Rivas,SEA,0.0,3,0.0,9.0,0.0,0.0,0.0,0.333,-0.333,1.0,3.0,1.0,1.0,6.14,6.14
66,2025,Shelby Miller,2 Tms,24.2,93,10.9,4.0,2.7,1.5,0.323,0.118,0.204,0.139,0.89,0.149,0.69,4.27,3.54
67,2025,César Salazar,HOU,0.1,2,0.0,0.0,0.0,0.0,0.0,0.0,0.0,0.0,0.0,0.0,1.0,12.14,16.76
68,2025,Tucker Barnhart,TEX,1.0,6,0.0,0.0,0.0,0.0,0.0,0.0,0.0,0.6,3.0,0.6,0.25,6.14,7.68
69,2025,Jacob Amaya,CHW,0.1,1,0.0,0.0,0.0,0.0,0.0,0.0,0.0,0.0,0.0,0.0,1.0,3.14,7.76
70,2025,Aroldis Chapman,BOS,15.0,55,13.8,0.6,23.0,0.6,0.418,0.018,0.4,0.148,0.6,0.233,0.658,1.14,1.81
71,2025,Ezequiel Duran,TEX,1.0,3,0.0,0.0,0.0,0.0,0.0,0.0,0.0,0.0,0.0,0.0,1.0,3.14,6.22
72,2025,Zack Wheeler,PHI,84.2,336,12.0,2.3,5.1,1.3,0.336,0.065,0.271,0.193,0.96,0.258,0.871,3.34,3.1
73,2025,Carlos Duran,ATH,0.1,1,0.0,0.0,0.0,0.0,0.0,0.0,0.0,0.0,0.0,0.0,1.0,3.14,7.76
74,2025,Erasmo Ramírez,MIN,5.1,25,6.8,3.4,2.0,1.7,0.16,0.08,0.08,0.348,1.88,0.389,1.0,5.2,5.36
75,2025,Willie MacIver,ATH,0.2,3,0.0,0.0,0.0,0.0,0.0,0.0,0.0,0.333,1.5,0.333,1.0,3.14,5.45
76,2025,Michael Tonkin,MIN,11.2,55,7.7,1.5,5.0,2.3,0.182,0.036,0.145,0.306,1.46,0.324,0.57,6.05,5.22
77,2025,Vinny Capra,CHW,1.0,5,0.0,0.0,0.0,9.0,0.0,0.0,0.0,0.4,2.0,0.25,-1.667,16.14,7.76
78,2025,Enrique Hernández,LAD,3.0,17,0.0,12.0,0.0,0.0,0.0,0.235,-0.235,0.333,2.67,0.308,0.75,7.14,9.7
79,2025,Nate Eaton,BOS,0.2,2,0.0,0.0,0.0,0.0,0.0,0.0,0.0,0.5,1.5,0.5,1.0,3.14,3.14
80,2025,Scott Alexander,2 Tms,8.1,39,5.4,4.3,1.3,2.2,0.128,0.103,0.026,0.343,1.92,0.357,0.985,6.5,5.97
81,2025,Jayvien Sandridge,NYY,0.1,3,27.0,27.0,1.0,0.0,0.333,0.333,0.0,0.0,3.0,0.0,1.0,15.14,15.14
82,2025,Chris Sale,ATL,25.1,98,11.4,2.8,4.0,0.7,0.327,0.082,0.245,0.163,0.87,0.222,0.802,2.82,2.71
83,2025,Michael Stefanic,TOR,1.0,3,0.0,0.0,0.0,0.0,0.0,0.0,0.0,0.0,0.0,0.0,1.0,3.14,7.76
84,2025,Jacob deGrom,TEX,87.0,331,10.6,2.1,5.1,1.3,0.308,0.06,0.248,0.186,0.89,0.227,0.872,3.49,3.07
85,2025,Jared Triolo,PIT,0.2,2,0.0,0.0,0.0,0.0,0.0,0.0,0.0,0.0,0.0,0.0,1.0,3.14,5.45
86,2025,Casey Lawrence,2 Tms,7.1,33,3.7,0.0,3.0,1.2,0.091,0.0,0.091,0.313,1.36,0.31,0.116,4.09,4.21
87,2025,Logan Davidson,LAA,0.2,2,0.0,0.0,0.0,0.0,0.0,0.0,0.0,0.0,0.0,0.0,1.0,3.14,7.76
88,2025,Merrill Kelly,2 Tms,97.0,399,7.5,2.7,2.8,1.6,0.203,0.073,0.13,0.222,1.14,0.24,0.76,4.67,4.2
89,2025,Tommy Kahnle,DET,33.2,144,5.9,4.5,1.3,1.6,0.153,0.118,0.035,0.236,1.4,0.242,0.725,5.66,4.95
90,2025,Alec Burleson,STL,0.2,2,0.0,0.0,0.0,0.0,0.0,0.0,0.0,0.0,0.0,0.0,1.0,7.64,7.64
91,2025,Jose Quintana,MIL,32.2,134,8.3,3.6,2.3,1.7,0.224,0.097,0.127,0.22,1.19,0.241,0.552,5.06,4.23
92,2025,Christian Koss,SFG,2.1,8,0.0,0.0,0.0,0.0,0.0,0.0,0.0,0.125,0.43,0.125,1.0,3.14,4.46
93,2025,Drew Pomeranz,CHC,20.2,80,12.2,2.2,5.6,0.0,0.35,0.063,0.287,0.176,0.87,0.283,1.0,1.3,2.94
94,2025,Luke Little,CHC,0.2,6,27.0,54.0,0.5,0.0,0.333,0.667,-0.333,0.0,6.0,0.0,1.0,15.14,15.14
95,2025,Robbie Ray,SFG,43.1,175,7.9,3.5,2.2,0.8,0.217,0.097,0.12,0.188,1.06,0.221,0.645,3.97,4.83
96,2025,Niko Kavadas,LAA,0.2,3,13.5,13.5,1.0,0.0,0.333,0.333,0.0,0.0,1.5,0.0,1.0,4.64,4.64
97,2025,José Ureña,5 Tms,31.0,132,5.2,4.4,1.2,1.5,0.136,0.114,0.023,0.259,1.45,0.266,0.763,5.52,5.51
98,2025,Jake Palisch,CHW,0.1,1,0.0,0.0,0.0,0.0,0.0,0.0,0.0,0.0,0.0,0.0,1.0,3.14,3.14
99,2025,Jameson Taillon,CHC,67.1,262,7.9,2.5,3.1,1.3,0.225,0.073,0.153,0.191,0.97,0.207,0.824,4.16,3.97
100,2025,Hayden Harris,ATL,0.0,2,0.0,0.0,0.0,0.0,0.0,0.0,0.0,1.0,2.0,1.0,0.5,3.14,3.14
101,2025,Luke Jackson,3 Tms,21.0,95,5.6,5.6,1.0,0.9,0.137,0.137,0.0,0.253,1.57,0.269,0.662,4.99,5.52
102,2025,Andrew Walters,CLE,0.1,1,27.0,0.0,1.0,0.0,1.0,0.0,1.0,0.0,0.0,0.0,1.0,-2.86,-2.86
103,2025,Héctor Neris,3 Tms,14.1,66,12.6,5.0,2.5,2.5,0.303,0.121,0.182,0.263,1.6,0.324,0.46,5.65,4.28
104,2025,Jonathan Pintaro,NYM,0.1,4,0.0,54.0,0.0,0.0,0.0,0.5,-0.5,0.5,9.0,0.5,1.0,21.14,21.14
105,2025,Taijuan Walker,PHI,64.0,287,6.8,4.6,1.5,1.3,0.167,0.115,0.052,0.268,1.58,0.299,0.826,5.01,4.99
106,2025,Chris Martin,TEX,16.1,70,8.3,3.9,2.1,1.1,0.214,0.1,0.114,0.274,1.47,0.326,0.755,4.18,4.09
107,2025,Jason Adam,SDP,33.1,130,9.2,4.1,2.3,0.8,0.262,0.115,0.146,0.164,0.99,0.197,0.779,3.8,4.24
108,2025,Jon Berti,CHC,1.2,9,0.0,16.2,0.0,0.0,0.0,0.333,-0.333,0.167,2.4,0.167,0.5,8.54,11.31
109,2025,Kyle Hendricks,LAA,81.0,344,6.3,3.6,1.8,1.0,0.166,0.093,0.073,0.238,1.3,0.262,0.752,4.43,5.1
110,2025,Scott McGough,2 Tms,8.1,39,11.9,6.5,1.8,1.1,0.282,0.154,0.128,0.219,1.56,0.3,0.556,4.58,5.42
111,2025,Yimi García,TOR,10.2,44,9.3,5.1,1.8,0.8,0.25,0.136,0.114,0.162,1.13,0.192,0.472,3.98,4.21
112,2025,Chris Bassitt,TOR,94.0,419,8.3,3.5,2.4,1.2,0.208,0.088,0.119,0.283,1.52,0.335,0.8,4.39,4.3
113,2025,Colin Rea,CHC,78.0,348,7.6,3.7,2.1,1.6,0.19,0.092,0.098,0.292,1.56,0.323,0.754,5.05,4.57
114,2025,Jacob Barnes,TOR,3.0,14,9.0,6.0,1.5,3.0,0.214,0.143,0.071,0.273,1.67,0.25,-0.833,7.47,5.7
115,2025,Seth Lugo,KCR,81.2,362,7.4,3.4,2.2,2.3,0.185,0.086,0.099,0.272,1.46,0.283,0.858,6.2,4.84
116,2025,Blake Treinen,LAD,10.1,54,12.2,7.8,1.6,2.6,0.259,0.167,0.093,0.318,2.23,0.407,0.707,7.1,5.72
117,2025,Adrian Houser,2 Tms,59.2,261,7.1,4.1,1.7,1.2,0.18,0.103,0.077,0.274,1.49,0.309,0.868,4.86,4.95
118,2025,Nick Martinez,CIN,75.2,311,7.7,2.6,3.0,1.2,0.209,0.071,0.138,0.244,1.2,0.278,0.696,4.09,4.22
119,2025,Rafael Montero,3 Tms,25.2,108,7.0,6.0,1.2,1.1,0.185,0.157,0.028,0.187,1.32,0.206,0.57,5.08,5.01
120,2025,Chris Devenski,NYM,7.0,25,3.9,2.6,1.5,0.0,0.12,0.08,0.04,0.143,0.71,0.15,0.6,3.14,4.46
121,2025,Sonny Gray,STL,95.2,390,10.7,1.9,5.7,0.9,0.292,0.051,0.241,0.245,1.14,0.324,0.722,2.8,2.65
122,2025,John Brebbia,2 Tms,10.2,52,13.5,5.9,2.3,2.5,0.308,0.135,0.173,0.233,1.59,0.292,0.743,6.32,4.4
123,2025,Michael Kelly,ATH,14.1,66,6.9,5.7,1.2,1.3,0.167,0.136,0.03,0.214,1.47,0.233,0.833,5.51,5.41
124,2025,Mike Clevinger,CHW,2.1,15,0.0,15.4,0.0,0.0,0.0,0.267,-0.267,0.364,3.43,0.364,0.625,8.28,10.26
125,2025,Andrew Kittredge,2 Tms,24.1,93,10.7,1.1,9.7,0.7,0.312,0.032,0.28,0.191,0.82,0.254,0.581,2.19,2.45
126,2025,Shawn Armstrong,TEX,25.1,106,8.9,3.2,2.8,1.4,0.236,0.085,0.151,0.234,1.22,0.273,0.839,4.52,4.72
127,2025,Tyler Anderson,LAA,38.0,180,6.9,4.5,1.5,2.6,0.161,0.106,0.056,0.302,1.76,0.308,0.913,6.95,5.91
128,2025,Joe Ross,PHI,21.0,99,6.0,4.7,1.3,1.7,0.141,0.111,0.03,0.282,1.67,0.29,0.691,5.99,5.57
129,2025,Austin Hedges,CLE,1.1,7,6.8,0.0,1.0,0.0,0.143,0.0,0.143,0.5,2.25,0.5,0.333,1.64,5.1
130,2025,Andrew Chafin,2 Tms,19.1,72,9.8,5.1,1.9,0.5,0.292,0.153,0.139,0.136,0.98,0.179,0.909,3.34,3.79
131,2025,Anthony DeSclafani,ARI,15.2,72,7.5,4.0,1.9,2.3,0.181,0.097,0.083,0.258,1.47,0.261,0.928,6.52,5.17
132,2025,Yu Darvish,SDP,35.2,155,7.1,3.8,1.9,2.0,0.181,0.097,0.084,0.265,1.43,0.277,0.771,5.99,5.37
133,2025,Eduardo Rodriguez,ARI,33.2,151,7.8,1.9,4.1,1.1,0.192,0.046,0.146,0.303,1.49,0.351,0.518,3.58,3.73
134,2025,Jordan Weems,HOU,1.2,10,0.0,16.2,0.0,0.0,0.0,0.3,-0.3,0.429,3.6,0.429,0.333,8.54,11.31
135,2025,Michael Fulmer,2 Tms,3.1,12,2.7,5.4,0.5,0.0,0.083,0.167,-0.083,0.1,0.9,0.111,1.0,4.34,7.11
136,2025,Jesse Hahn,SEA,0.2,7,13.5,27.0,0.5,0.0,0.143,0.286,-0.143,0.6,7.5,0.75,0.6,9.14,9.14
137,2025,Danny Coulombe,2 Tms,20.0,78,7.7,2.3,3.4,0.0,0.218,0.064,0.154,0.225,1.05,0.286,0.857,2.19,3.73
138,2025,Hoby Milner,TEX,34.2,125,7.0,0.8,9.0,0.5,0.216,0.024,0.192,0.208,0.81,0.247,0.516,2.59,3.04
139,2025,Steven Matz,2 Tms,34.1,129,6.0,0.8,7.7,0.8,0.178,0.023,0.155,0.211,0.84,0.235,0.672,3.37,3.49
140,2025,Marcus Stroman,NYY,23.0,105,6.3,3.1,2.0,2.0,0.152,0.076,0.076,0.302,1.61,0.32,0.613,5.74,4.53
141,2025,Pierce Johnson,ATL,25.2,110,6.7,5.6,1.2,1.4,0.173,0.145,0.027,0.255,1.56,0.282,0.901,5.55,5.33
142,2025,Taylor Rogers,2 Tms,23.2,105,11.4,5.3,2.1,1.1,0.286,0.133,0.152,0.227,1.44,0.298,0.812,4.15,3.8
143,2025,Lucas Sims,WSN,3.0,28,9.0,21.0,0.4,6.0,0.107,0.25,-0.143,0.375,4.33,0.364,0.526,21.8,14.68
144,2025,Matt Bowman,BAL,11.2,50,6.2,2.3,2.7,1.5,0.16,0.06,0.1,0.217,1.11,0.222,0.446,5.02,5.44
145,2025,Blake Snell,LAD,14.0,56,11.6,3.2,3.6,0.0,0.321,0.089,0.232,0.224,1.14,0.333,0.875,1.64,2.74
146,2025,Steven Okert,HOU,29.0,108,10.2,1.6,6.6,0.9,0.306,0.046,0.259,0.184,0.79,0.227,0.556,2.82,3.5
147,2025,Robert Stephenson,LAA,4.0,16,6.8,0.0,3.0,2.3,0.188,0.0,0.188,0.143,0.5,0.091,0.625,5.64,5.08
148,2025,Carl Edwards Jr.,2 Tms,1.1,8,13.5,13.5,1.0,6.8,0.25,0.25,0.0,0.333,3.0,0.333,0.769,14.39,6.95
149,2025,Jakob Junis,CLE,26.2,107,5.7,3.0,1.9,0.7,0.159,0.084,0.075,0.237,1.2,0.269,0.728,3.96,4.84
150,2025,Clay Holmes,NYM,87.0,376,6.8,4.6,1.5,0.9,0.176,0.117,0.059,0.223,1.33,0.251,0.74,4.69,4.6
151,2025,Tayler Scott,2 Tms,10.0,53,5.4,9.0,0.6,1.8,0.113,0.189,-0.075,0.3,2.2,0.294,0.644,7.84,7.39
152,2025,Jacob Stallings,COL,1.1,6,0.0,0.0,0.0,0.0,0.0,0.0,0.0,0.333,1.5,0.333,0.5,3.14,6.6
153,2025,Max Fried,NYY,45.0,181,11.0,2.2,5.0,1.6,0.304,0.061,0.243,0.209,1.0,0.257,0.603,4.14,3.06
154,2025,Chris Stratton,2 Tms,9.1,49,10.6,5.8,1.8,0.0,0.224,0.122,0.102,0.333,2.14,0.438,0.6,2.71,3.86
155,2025,Zach Eflin,BAL,42.2,185,5.7,1.5,3.9,3.2,0.146,0.038,0.108,0.316,1.45,0.294,0.683,6.93,4.6
156,2025,Matt Strahm,PHI,20.0,84,9.5,2.7,3.5,0.5,0.25,0.071,0.179,0.233,1.15,0.291,0.752,2.74,4.01
157,2025,Paul Sewald,2 Tms,9.2,41,10.2,3.7,2.8,1.9,0.268,0.098,0.171,0.278,1.45,0.333,0.625,4.79,4.97
158,2025,Chris Flexen,CHC,17.0,77,3.7,3.7,1.0,2.6,0.091,0.091,0.0,0.286,1.59,0.259,0.85,7.37,5.9
159,2025,Tyler Heineman,TOR,1.2,14,0.0,0.0,0.0,5.4,0.0,0.0,0.0,0.583,4.2,0.545,0.263,14.54,11.36
160,2025,Dietrich Enns,2 Tms,15.2,73,12.6,2.3,5.5,2.3,0.301,0.055,0.247,0.353,1.79,0.465,0.804,4.41,2.27
161,2025,Brent Suter,CIN,28.2,117,6.6,1.9,3.5,1.3,0.179,0.051,0.128,0.243,1.15,0.267,0.803,4.11,4.02
162,2025,Michael Wacha,KCR,90.1,372,6.3,2.3,2.7,0.5,0.169,0.062,0.108,0.245,1.18,0.283,0.843,3.29,4.7
163,2025,Kevin Gausman,TOR,94.1,370,8.0,2.3,3.5,1.0,0.227,0.065,0.162,0.193,0.95,0.223,0.675,3.53,3.91
164,2025,Lance McCullers Jr.,HOU,27.0,129,10.3,6.0,1.7,1.0,0.24,0.14,0.101,0.231,1.59,0.297,0.431,4.62,4.6
165,2025,José Berríos,TOR,84.1,374,8.3,4.5,1.9,0.9,0.209,0.112,0.096,0.247,1.46,0.298,0.807,4.05,4.53
166,2025,Josh Hader,HOU,11.2,46,12.3,1.5,8.0,1.5,0.348,0.043,0.304,0.186,0.86,0.231,0.972,3.14,2.89
167,2025,Wandy Peralta,SDP,30.1,133,8.9,3.6,2.5,1.2,0.226,0.09,0.135,0.237,1.32,0.282,0.742,4.26,3.41
168,2025,Frankie Montas,NYM,19.0,89,6.6,3.3,2.0,2.8,0.157,0.079,0.079,0.309,1.68,0.306,0.593,6.87,5.12
169,2025,Joel Payamps,2 Tms,8.0,48,10.1,5.6,1.8,3.4,0.188,0.104,0.083,0.45,2.88,0.5,0.505,8.01,6.03
170,2025,Tyler Glasnow,LAD,43.0,175,9.4,3.8,2.5,1.0,0.257,0.103,0.154,0.182,1.07,0.219,0.829,3.95,3.8
171,2025,José Leclerc,ATH,4.0,20,6.8,9.0,0.8,2.3,0.15,0.2,-0.05,0.25,2.0,0.25,0.909,7.89,5.79
172,2025,Jorge López,WSN,11.0,52,4.9,4.1,1.2,0.8,0.115,0.096,0.019,0.289,1.64,0.316,0.484,5.14,5.5
173,2025,Carlos Estévez,KCR,34.2,149,7.5,4.2,1.8,0.8,0.195,0.107,0.087,0.223,1.3,0.26,0.861,4.06,5.38
174,2025,José Ruiz,2 Tms,7.0,29,10.3,1.3,8.0,1.3,0.276,0.034,0.241,0.308,1.29,0.368,0.263,3.14,3.04
175,2025,Anthony Banda,LAD,30.0,112,8.4,3.6,2.3,0.6,0.25,0.107,0.143,0.153,0.9,0.186,0.909,3.34,4.42
176,2025,Edwin Díaz,NYM,36.1,137,14.1,3.0,4.8,0.7,0.416,0.088,0.328,0.158,0.85,0.258,0.906,2.31,2.13
177,2025,Paul Blackburn,2 Tms,18.0,81,7.0,2.5,2.8,0.0,0.173,0.062,0.111,0.27,1.39,0.328,0.654,2.58,4.72
178,2025,Emilio Pagán,CIN,35.0,137,11.6,3.1,3.8,0.8,0.328,0.088,0.241,0.161,0.91,0.224,0.799,2.79,3.66
179,2025,Michael Lorenzen,KCR,71.1,310,8.1,2.6,3.0,1.4,0.206,0.068,0.139,0.268,1.36,0.307,0.742,4.31,4.21
180,2025,Mike Yastrzemski,SFG,0.2,4,0.0,13.5,0.0,0.0,0.0,0.25,-0.25,0.0,1.5,0.0,0.5,12.14,14.45
181,2025,Joe Mantiply,ARI,4.1,26,8.3,2.1,4.0,8.3,0.154,0.038,0.115,0.48,3.0,0.471,0.0,13.98,5.18
182,2025,Sam Moll,CIN,12.0,47,13.5,3.8,3.6,1.5,0.383,0.106,0.277,0.171,1.0,0.227,0.761,3.55,2.8
183,2025,Jon Gray,TEX,6.2,28,5.4,1.4,4.0,2.7,0.143,0.036,0.107,0.259,1.2,0.238,0.385,6.29,5.85
184,2025,Ben Lively,CLE,21.1,90,5.9,4.6,1.3,1.7,0.156,0.122,0.033,0.241,1.41,0.246,0.861,5.81,5.83
185,2025,Scott Barlow,CIN,26.1,119,10.3,5.8,1.8,1.7,0.252,0.143,0.109,0.212,1.44,0.25,0.618,5.6,4.6
186,2025,Kyle Finnegan,2 Tms,29.0,116,9.3,3.4,2.7,0.3,0.259,0.095,0.164,0.204,1.1,0.274,0.728,2.76,3.53
187,2025,Germán Márquez,COL,63.2,304,6.2,4.4,1.4,1.7,0.145,0.102,0.043,0.311,1.79,0.332,0.679,5.81,5.66
188,2025,Tim Mayza,2 Tms,7.0,27,11.6,2.6,4.5,0.0,0.333,0.074,0.259,0.2,1.0,0.313,1.0,1.42,2.3
189,2025,Lou Trivino,3 Tms,19.2,89,5.9,4.6,1.3,2.3,0.146,0.112,0.034,0.311,1.68,0.3,0.556,6.8,5.69
190,2025,Rob Zastryzny,MIL,12.2,51,10.7,2.1,5.0,0.7,0.294,0.059,0.235,0.196,0.95,0.25,0.943,2.5,3.42
191,2025,Justin Topa,MIN,25.0,118,6.5,4.0,1.6,0.4,0.153,0.093,0.059,0.305,1.72,0.356,0.61,3.66,4.74
192,2025,Jake Bauers,MIL,2.1,10,3.9,3.9,1.0,0.0,0.1,0.1,0.0,0.0,0.43,0.0,0.667,6.14,10.1
193,2025,Cole Sulser,TBR,11.1,45,9.5,3.2,3.0,0.8,0.267,0.089,0.178,0.22,1.15,0.286,0.862,3.22,3.71
194,2025,Kevin Herget,2 Tms,5.2,25,4.8,3.2,1.5,0.0,0.12,0.08,0.04,0.304,1.59,0.35,0.667,3.14,5.58
195,2025,Andrew Heaney,2 Tms,32.2,149,6.1,2.5,2.4,2.8,0.148,0.06,0.087,0.311,1.56,0.305,0.65,6.87,4.78
196,2025,Matthew Boyd,CHC,47.0,183,8.2,1.3,6.1,0.4,0.235,0.038,0.197,0.231,0.98,0.294,0.871,2.62,3.38
197,2025,Nick Pivetta,SDP,90.1,354,9.3,2.7,3.4,0.7,0.263,0.076,0.186,0.185,0.96,0.233,0.816,2.98,3.94
198,2025,José De León,BOS,3.2,16,9.8,4.9,2.0,0.0,0.25,0.125,0.125,0.286,1.64,0.4,1.0,2.59,5.11
199,2025,Lucas Giolito,BOS,72.2,298,8.2,3.5,2.4,1.0,0.221,0.094,0.128,0.219,1.18,0.255,0.722,3.91,4.55
200,2025,Antonio Senzatela,COL,70.2,332,4.1,2.9,1.4,1.1,0.096,0.069,0.027,0.348,1.81,0.362,0.701,4.99,4.95
201,2025,Hunter Harvey,KCR,5.2,19,7.9,1.6,5.0,0.0,0.263,0.053,0.211,0.056,0.35,0.077,1.0,1.9,2.99
202,2025,Kendall Graveman,ARI,5.2,32,3.2,12.7,0.3,1.6,0.063,0.25,-0.187,0.304,2.65,0.3,0.753,9.49,9.1
203,2025,Tyler Rogers,2 Tms,35.2,144,4.3,1.5,2.8,0.8,0.118,0.042,0.076,0.23,1.04,0.239,0.799,3.86,3.46
204,2025,Mark Leiter Jr.,NYY,27.0,121,14.0,3.3,4.2,0.3,0.347,0.083,0.264,0.269,1.44,0.424,0.783,1.84,2.61
205,2025,Chad Green,TOR,18.1,75,8.8,2.0,4.5,2.9,0.24,0.053,0.187,0.246,1.15,0.244,0.753,6.41,4.84
206,2025,Miguel Castro,CHW,3.0,14,6.0,9.0,0.7,0.0,0.143,0.214,-0.071,0.1,1.33,0.125,0.6,5.8,7.34
207,2025,Luis Castillo,SEA,84.1,376,7.4,3.6,2.0,1.3,0.184,0.09,0.093,0.278,1.51,0.315,0.832,4.7,4.93
208,2025,Brad Keller,CHC,29.1,123,9.8,2.8,3.6,0.3,0.26,0.073,0.187,0.223,1.16,0.304,0.78,2.52,3.39
209,2025,Devin Williams,NYY,27.2,120,11.4,4.2,2.7,1.3,0.292,0.108,0.183,0.198,1.19,0.25,0.382,4.33,4.23
210,2025,Zack Littell,2 Tms,87.2,354,6.5,1.7,3.7,1.6,0.178,0.048,0.13,0.238,1.1,0.245,0.845,4.69,4.35
211,2025,Wander Suero,ATL,2.0,12,0.0,0.0,0.0,4.5,0.0,0.0,0.0,0.583,3.5,0.545,0.714,9.64,8.53
212,2025,Sean Manaea,NYM,16.0,69,9.6,0.0,17.0,0.6,0.246,0.0,0.246,0.258,1.06,0.327,0.739,2.2,2.83
213,2025,Luis Severino,ATH,75.2,343,6.9,3.3,2.1,0.8,0.169,0.082,0.087,0.27,1.44,0.31,0.744,4.35,4.8
214,2025,Luis Torrens,NYM,0.1,5,0.0,27.0,0.0,27.0,0.0,0.2,-0.2,0.75,12.0,0.667,0.769,51.14,26.01
215,2025,Ryne Stanek,NYM,22.0,110,9.0,6.1,1.5,1.2,0.2,0.136,0.064,0.295,1.95,0.357,0.438,4.95,5.56
216,2025,Cam Booser,CHW,14.0,62,11.6,5.8,2.0,1.3,0.29,0.145,0.145,0.196,1.36,0.242,0.741,4.35,4.47
217,2025,Nick Burdi,BOS,2.0,10,4.5,0.0,1.0,0.0,0.1,0.0,0.1,0.4,2.0,0.444,1.0,2.14,3.68
218,2025,Zach Thompson,ATL,2.0,7,13.5,4.5,3.0,0.0,0.429,0.143,0.286,0.0,0.5,0.0,1.0,1.64,2.41
219,2025,Jordan Romano,PHI,19.1,83,12.6,2.8,4.5,2.3,0.325,0.072,0.253,0.253,1.29,0.318,0.474,4.79,3.34
220,2025,John Curtiss,ARI,17.2,63,7.1,1.5,4.7,1.5,0.222,0.048,0.175,0.15,0.68,0.14,0.513,4.27,4.07
221,2025,Carlos Rodón,NYY,45.0,176,10.2,2.6,3.9,1.0,0.29,0.074,0.216,0.177,0.91,0.223,0.684,3.45,3.51
222,2025,Aaron Nola,PHI,57.0,250,8.7,3.3,2.6,2.2,0.22,0.084,0.136,0.27,1.44,0.299,0.581,5.66,4.44
223,2025,Brandon Woodruff,MIL,34.2,135,10.1,1.6,6.5,0.8,0.289,0.044,0.244,0.181,0.84,0.235,0.709,2.7,3.49
224,2025,Spencer Turnbull,TOR,2.2,14,10.1,3.4,3.0,3.4,0.214,0.071,0.143,0.462,2.63,0.556,0.714,6.89,3.74
225,2025,Kyle Freeland,COL,35.0,147,7.7,1.8,4.3,0.5,0.204,0.048,0.156,0.27,1.26,0.327,0.427,2.85,3.52
226,2025,Aaron Bummer,ATL,24.1,103,9.6,3.0,3.3,0.4,0.252,0.078,0.175,0.258,1.32,0.338,0.654,2.52,2.81
227,2025,Jesus Tinoco,MIA,8.2,35,4.2,6.2,0.7,1.0,0.114,0.171,-0.057,0.138,1.15,0.125,0.698,5.79,6.07
228,2025,Ryan Borucki,2 Tms,20.0,70,6.8,4.1,1.7,0.0,0.214,0.129,0.086,0.117,0.8,0.152,0.813,2.99,3.83
229,2025,Tyler Mahle,TEX,40.1,151,7.8,2.2,3.5,0.7,0.232,0.066,0.166,0.179,0.87,0.214,0.877,3.11,3.98
230,2025,Reynaldo López,ATL,2.2,14,0.0,6.7,0.0,0.0,0.0,0.143,-0.143,0.417,2.63,0.417,1.0,5.39,7.12
231,2025,Scott Blewett,3 Tms,22.0,95,8.2,4.5,1.8,2.9,0.211,0.116,0.095,0.229,1.36,0.211,0.693,6.95,4.71
232,2025,Ryan Yarbrough,NYY,23.1,88,7.3,0.4,19.0,1.5,0.216,0.011,0.205,0.198,0.77,0.206,0.97,3.99,3.22
233,2025,Dan Altavilla,CHW,17.0,66,8.5,3.2,2.7,2.1,0.242,0.091,0.152,0.155,0.88,0.132,1.0,5.72,4.12
234,2025,Austin Gomber,COL,12.0,57,5.3,3.8,1.4,4.5,0.123,0.088,0.035,0.353,1.92,0.308,0.753,9.72,6.43
235,2025,Erik Swanson,TOR,3.0,13,0.0,9.0,0.0,0.0,0.0,0.231,-0.231,0.111,1.33,0.1,0.75,6.14,10.25
236,2025,Bryan Abreu,HOU,32.0,134,13.8,3.9,3.5,0.8,0.366,0.104,0.261,0.197,1.16,0.303,0.862,2.79,2.97
237,2025,J.P. Feyereisen,2 Tms,1.1,9,13.5,6.7,2.0,6.7,0.222,0.111,0.111,0.625,4.5,0.8,0.652,12.14,4.7
238,2025,Jeff Brigham,ARI,3.0,16,9.0,3.0,3.0,3.0,0.188,0.063,0.125,0.4,2.33,0.455,0.714,6.47,4.19
239,2025,Ryan Thompson,ARI,16.1,77,6.1,5.0,1.2,1.1,0.143,0.117,0.026,0.294,1.78,0.327,0.725,5.03,4.95
240,2025,Julian Merryweather,CHC,8.2,41,10.4,6.2,1.7,1.0,0.244,0.146,0.098,0.286,1.85,0.375,0.685,4.4,4.15
241,2025,Jose Trevino,CIN,0.2,4,13.5,0.0,1.0,0.0,0.25,0.0,0.25,0.5,3.0,0.667,0.5,0.14,2.45
242,2025,Brock Stewart,2 Tms,15.0,73,7.8,4.8,1.6,1.2,0.178,0.11,0.068,0.344,2.0,0.4,0.772,4.74,5.47
243,2025,Tim Hill,NYY,36.1,134,6.7,1.7,3.9,0.2,0.201,0.052,0.149,0.181,0.83,0.222,0.769,2.58,3.08
244,2025,Brennan Bernardino,BOS,21.1,88,8.9,3.0,3.0,0.4,0.239,0.08,0.159,0.205,1.08,0.259,0.619,2.9,3.81
245,2025,Reed Garrett,NYM,22.2,107,9.9,7.5,1.3,0.8,0.234,0.178,0.056,0.239,1.76,0.311,0.833,4.59,4.6
246,2025,Luke Weaver,NYY,35.0,137,9.5,2.3,4.1,1.3,0.27,0.066,0.204,0.176,0.89,0.198,0.75,3.65,4.08
247,2025,Touki Toussaint,LAA,0.2,5,0.0,0.0,0.0,0.0,0.0,0.0,0.0,0.6,4.5,0.6,0.333,3.14,3.14
248,2025,Sean Newcomb,2 Tms,28.1,121,8.3,3.5,2.4,0.3,0.215,0.091,0.124,0.226,1.24,0.284,0.758,3.14,4.53
249,2025,Grant Holmes,ATL,57.2,250,7.8,4.5,1.7,1.1,0.2,0.116,0.084,0.237,1.4,0.276,0.845,4.54,4.65
250,2025,Trevor Williams,WSN,40.1,208,6.2,3.1,2.0,1.8,0.135,0.067,0.067,0.386,2.16,0.414,0.677,5.44,5.42
251,2025,Tanner Banks,PHI,30.2,111,8.2,1.5,5.6,0.6,0.252,0.045,0.207,0.175,0.75,0.211,0.891,2.65,3.0
252,2025,Pablo López,MIN,40.2,176,8.2,2.7,3.1,0.7,0.21,0.068,0.142,0.272,1.38,0.333,0.833,3.23,3.83
253,2025,Raisel Iglesias,ATL,35.2,141,9.3,2.3,4.1,0.8,0.262,0.064,0.199,0.208,1.01,0.264,0.793,2.99,4.06
254,2025,José Castillo,4 Tms,13.1,67,8.8,3.4,2.6,1.4,0.194,0.075,0.119,0.368,1.95,0.442,0.882,5.16,3.9
255,2025,Gabe Speier,SEA,29.1,112,12.9,0.6,21.0,0.9,0.375,0.018,0.357,0.179,0.72,0.258,0.808,2.11,1.89
256,2025,Jalen Beeks,ARI,23.1,94,10.0,1.9,5.2,0.8,0.277,0.053,0.223,0.218,1.03,0.283,0.676,2.79,2.93
257,2025,Ranger Suarez,PHI,33.0,131,10.6,1.1,9.8,1.1,0.298,0.031,0.267,0.221,0.94,0.291,0.789,3.17,2.9
258,2025,Michael Kopech,LAD,5.0,22,9.0,10.8,0.8,0.0,0.227,0.273,-0.045,0.0,1.2,0.0,0.667,4.74,6.89
259,2025,Framber Valdez,HOU,36.0,151,8.3,2.8,3.0,1.3,0.219,0.073,0.146,0.257,1.28,0.294,0.513,4.02,3.33
260,2025,Justin Steele,CHC,7.2,30,7.0,2.3,3.0,0.0,0.2,0.067,0.133,0.185,0.91,0.238,0.875,2.74,4.55
261,2025,Matt Gage,2 Tms,17.1,72,6.8,2.6,2.6,0.0,0.181,0.069,0.111,0.234,1.15,0.288,0.909,2.85,4.18
262,2025,Erick Fedde,3 Tms,68.0,324,4.9,5.4,0.9,1.9,0.114,0.127,-0.012,0.31,1.88,0.315,0.646,6.53,5.87
263,2025,Jeff Hoffman,TOR,33.0,145,11.7,3.8,3.1,2.2,0.297,0.097,0.2,0.222,1.27,0.26,0.858,5.23,3.8
264,2025,Jack Flaherty,DET,82.2,360,9.8,4.5,2.2,1.4,0.25,0.114,0.136,0.248,1.44,0.304,0.642,4.56,4.23
265,2025,Génesis Cabrera,4 Tms,19.2,78,5.9,3.7,1.6,1.4,0.167,0.103,0.064,0.197,1.07,0.192,0.798,5.32,5.53
266,2025,Jimmy Herget,COL,35.0,154,8.5,4.4,1.9,0.8,0.214,0.11,0.104,0.244,1.4,0.299,0.881,4.16,5.12
267,2025,JT Brubaker,2 Tms,14.2,59,6.1,4.3,1.4,0.0,0.169,0.119,0.051,0.235,1.3,0.286,0.684,3.2,4.78
268,2025,Tanner Scott,LAD,15.1,65,10.0,2.9,3.4,2.9,0.262,0.077,0.185,0.259,1.3,0.27,0.429,6.33,3.7
269,2025,Mitch Keller,PIT,85.0,376,7.3,3.5,2.1,1.4,0.184,0.088,0.096,0.27,1.47,0.305,0.689,4.74,4.45
270,2025,Cristian Javier,HOU,18.2,82,9.2,3.4,2.7,0.5,0.232,0.085,0.146,0.247,1.34,0.315,0.65,3.08,4.28
271,2025,Tanner Rainey,2 Tms,5.2,24,7.9,3.2,2.5,0.0,0.208,0.083,0.125,0.19,1.06,0.25,0.286,2.96,3.77
272,2025,Taylor Clarke,KCR,23.2,96,7.2,1.9,3.8,1.9,0.198,0.052,0.146,0.211,1.01,0.212,0.667,5.04,3.98
273,2025,Justin Lawrence,PIT,6.1,30,12.8,8.5,1.5,0.0,0.3,0.2,0.1,0.136,1.42,0.231,1.0,4.08,6.27
274,2025,Jeffrey Springs,ATH,35.1,144,6.9,2.5,2.7,0.8,0.188,0.069,0.118,0.241,1.19,0.279,0.794,3.56,4.42
275,2025,Kevin Newman,LAA,2.0,7,0.0,0.0,0.0,0.0,0.0,0.0,0.0,0.143,0.5,0.143,1.0,3.14,8.53
276,2025,Trevor Megill,MIL,25.2,103,11.9,3.9,3.1,0.4,0.33,0.107,0.223,0.187,1.09,0.281,0.714,2.28,2.97
277,2025,Nabil Crismatt,ARI,14.1,63,3.1,2.5,1.3,3.1,0.079,0.063,0.016,0.305,1.53,0.265,0.6,7.81,5.43
278,2025,Evan Phillips,LAD,1.1,7,6.8,13.5,0.5,0.0,0.143,0.286,-0.143,0.2,2.25,0.25,1.0,6.14,6.14
279,2025,Tyler Alexander,2 Tms,42.1,179,7.2,1.3,5.7,1.1,0.19,0.034,0.156,0.278,1.25,0.316,0.702,3.56,4.32
280,2025,Angel Perdomo,ATH,0.2,6,0.0,27.0,0.0,0.0,0.0,0.333,-0.333,0.333,4.5,0.333,1.0,16.64,18.95
281,2025,José Alvarado,PHI,6.1,30,11.4,2.8,4.0,2.8,0.267,0.067,0.2,0.269,1.42,0.294,0.417,6.14,3.25
282,2025,Dillon Tate,TOR,1.2,15,5.4,27.0,0.2,5.4,0.067,0.333,-0.267,0.333,4.8,0.286,0.789,20.54,16.44
283,2025,Ian Gibaut,CIN,11.1,48,4.0,4.8,0.8,0.0,0.104,0.125,-0.021,0.214,1.32,0.243,0.667,3.84,5.61
284,2025,Nestor Cortes,2 Tms,7.1,39,9.8,3.7,2.7,7.4,0.205,0.077,0.128,0.4,2.32,0.364,0.581,12.82,5.12
285,2025,Dennis Santana,PIT,29.1,112,7.1,3.4,2.1,0.3,0.205,0.098,0.107,0.143,0.85,0.169,0.678,3.14,4.85
286,2025,Tayler Saucedo,SEA,7.1,33,9.8,3.7,2.7,1.2,0.242,0.091,0.152,0.267,1.5,0.333,0.313,3.95,3.23
287,2025,Garrett Cleavinger,TBR,20.1,84,13.7,3.1,4.4,1.8,0.369,0.083,0.286,0.187,1.03,0.25,1.0,3.97,2.32
288,2025,Trent Thornton,SEA,20.1,89,8.9,4.0,2.2,1.3,0.225,0.101,0.124,0.286,1.52,0.333,0.746,4.41,4.62
289,2025,Tyler Gilbert,CHW,25.0,104,10.1,3.6,2.8,0.4,0.269,0.096,0.173,0.211,1.16,0.286,0.709,2.86,4.0
290,2025,Brock Burke,LAA,24.0,95,6.4,1.9,3.4,0.8,0.179,0.053,0.126,0.256,1.08,0.279,0.763,3.8,3.87
291,2025,Logan Webb,SFG,101.1,428,9.2,2.0,4.7,0.7,0.243,0.051,0.192,0.286,1.34,0.363,0.741,2.82,2.87
292,2025,Pete Fairbanks,TBR,28.1,118,9.8,3.2,3.1,1.3,0.263,0.085,0.178,0.208,1.13,0.25,0.803,3.95,3.31
293,2025,Triston McKenzie,CLE,2.2,14,0.0,10.1,0.0,3.4,0.0,0.214,-0.214,0.364,2.63,0.3,0.714,11.39,9.4
294,2025,Phil Maton,2 Tms,24.2,110,13.5,5.1,2.6,0.4,0.336,0.127,0.209,0.226,1.42,0.351,0.78,2.49,3.02
295,2025,Ryan Helsley,2 Tms,28.2,127,10.0,3.5,2.9,0.9,0.252,0.087,0.165,0.278,1.5,0.358,0.696,3.41,3.34
296,2025,Anthony Misiewicz,MIN,1.1,10,6.8,27.0,0.3,6.8,0.1,0.4,-0.3,0.333,4.5,0.25,1.0,20.39,12.95
297,2025,Tyler Kinley,2 Tms,33.0,145,9.3,4.6,2.0,1.1,0.234,0.117,0.117,0.202,1.27,0.241,0.736,4.47,4.85
298,2025,Carson Fulmer,LAA,15.0,65,10.8,4.8,2.3,2.4,0.277,0.123,0.154,0.211,1.33,0.229,0.556,5.8,3.88
299,2025,Nick Anderson,COL,7.0,28,5.1,1.3,4.0,1.3,0.143,0.036,0.107,0.185,0.86,0.182,0.435,4.28,4.4
300,2025,Julian Fernández,2 Tms,2.1,10,7.7,3.9,2.0,7.7,0.2,0.1,0.1,0.222,1.29,0.0,0.0,13.85,4.03
301,2025,Brandon Waddell,NYM,10.2,46,7.6,2.5,3.0,0.8,0.196,0.065,0.13,0.262,1.31,0.313,0.956,3.79,4.45
302,2025,Michael Soroka,2 Tms,49.0,211,9.7,3.3,2.9,1.5,0.251,0.085,0.166,0.226,1.22,0.27,0.566,4.56,4.08
303,2025,Scott Effross,NYY,4.0,21,0.0,4.5,0.0,0.0,0.0,0.095,-0.095,0.368,2.25,0.368,0.444,4.64,6.18
304,2025,Enyel De Los Santos,2 Tms,24.2,109,6.6,3.3,2.0,1.1,0.165,0.083,0.083,0.283,1.5,0.316,0.61,4.35,5.15
305,2025,José Urquidy,DET,2.0,10,9.0,9.0,1.0,0.0,0.2,0.2,0.0,0.25,2.0,0.333,0.5,4.14,6.45
306,2025,Danny Young,NYM,4.0,17,18.0,4.5,4.0,0.0,0.471,0.118,0.353,0.267,1.5,0.571,1.0,0.64,0.64
307,2025,Kenta Maeda,DET,3.1,16,10.8,5.4,2.0,2.7,0.25,0.125,0.125,0.286,1.8,0.333,0.217,6.44,4.39
308,2025,Dylan Cease,SDP,79.2,353,11.2,4.7,2.4,1.1,0.28,0.119,0.161,0.241,1.44,0.318,0.743,4.01,4.14
309,2025,A.J. Minter,NYM,4.2,18,9.6,1.9,5.0,0.0,0.278,0.056,0.222,0.176,0.86,0.25,1.0,1.64,2.63
310,2025,Jake Woodford,ARI,12.0,57,3.8,6.0,0.6,0.8,0.088,0.14,-0.053,0.271,1.75,0.279,0.357,5.39,6.49
311,2025,Freddy Peralta,MIL,87.1,369,9.5,4.2,2.2,0.8,0.249,0.111,0.138,0.204,1.23,0.258,0.86,3.73,4.38
312,2025,Sandy Alcantara,MIA,86.1,369,6.0,4.4,1.4,1.4,0.157,0.114,0.043,0.229,1.33,0.235,0.654,5.24,5.04
313,2025,Kolby Allard,CLE,20.0,86,7.2,2.3,3.2,0.9,0.186,0.058,0.128,0.282,1.35,0.323,0.913,3.74,4.21
314,2025,Cody Poteet,BAL,1.2,8,5.4,5.4,1.0,0.0,0.125,0.125,0.0,0.286,1.8,0.333,0.667,3.74,6.51
315,2025,Tommy Nance,TOR,11.0,44,12.3,2.5,5.0,0.0,0.341,0.068,0.273,0.225,1.09,0.36,0.385,1.5,1.92
316,2025,Jesse Scholtens,TBR,3.1,13,10.8,2.7,4.0,0.0,0.308,0.077,0.231,0.25,1.2,0.375,0.5,1.64,3.02
317,2025,Lake Bachar,MIA,35.0,142,8.7,4.9,1.8,0.5,0.239,0.134,0.106,0.183,1.17,0.233,0.689,3.65,4.27
318,2025,Seranthony Domínguez,2 Tms,24.2,116,10.2,5.1,2.0,1.5,0.241,0.121,0.121,0.277,1.7,0.348,0.695,4.8,4.25
319,2025,Ian Hamilton,NYY,15.0,66,7.8,3.6,2.2,2.4,0.197,0.091,0.106,0.276,1.47,0.279,0.61,6.07,4.76
320,2025,Thomas Hatch,2 Tms,19.1,91,5.6,4.7,1.2,1.9,0.132,0.11,0.022,0.333,1.91,0.354,0.637,6.14,5.44
321,2025,Jacob Webb,TEX,29.2,118,7.9,1.8,4.3,0.9,0.22,0.051,0.169,0.2,0.94,0.232,1.0,3.4,4.53
322,2025,Nick Hernandez,HOU,4.0,18,13.5,2.3,6.0,4.5,0.333,0.056,0.278,0.294,1.5,0.333,0.938,7.39,3.58
323,2025,Zac Gallen,ARI,92.0,400,7.4,3.3,2.2,1.2,0.19,0.085,0.105,0.256,1.37,0.292,0.777,4.42,4.46
324,2025,Trevor Richards,2 Tms,2.0,11,0.0,4.5,0.0,0.0,0.0,0.091,-0.091,0.444,2.5,0.4,0.6,4.64,7.72
325,2025,Cal Quantrill,2 Tms,56.0,230,8.0,3.2,2.5,1.3,0.217,0.087,0.13,0.23,1.21,0.265,0.692,4.33,4.46
326,2025,Matt Krook,ATH,1.1,5,6.8,0.0,1.0,0.0,0.2,0.0,0.2,0.25,0.75,0.25,1.0,1.64,3.95
327,2025,Eric Lauer,TOR,32.1,130,7.5,1.7,4.5,0.8,0.208,0.046,0.162,0.234,1.08,0.277,0.747,3.23,4.22
328,2025,Joey Lucchesi,SFG,19.1,83,7.4,3.3,2.3,0.5,0.193,0.084,0.108,0.219,1.19,0.259,0.885,3.39,3.76
329,2025,Matt Festa,CLE,24.2,105,8.4,3.3,2.6,1.1,0.219,0.086,0.133,0.25,1.3,0.29,0.521,4.07,3.92
330,2025,Richard Lovelady,2 Tms,6.0,29,7.5,4.5,1.7,0.0,0.172,0.103,0.069,0.227,1.33,0.278,0.818,4.47,5.24
331,2025,A.J. Puk,ARI,3.1,13,16.2,0.0,6.0,2.7,0.462,0.0,0.462,0.231,0.9,0.333,1.0,3.44,1.85
332,2025,Caleb Ferguson,2 Tms,30.0,115,6.3,2.7,2.3,0.0,0.183,0.078,0.104,0.184,0.93,0.229,0.667,2.84,3.81
333,2025,Dean Kremer,BAL,93.1,381,7.1,2.3,3.1,1.4,0.194,0.063,0.131,0.249,1.2,0.276,0.749,4.3,4.47
334,2025,Weston Wilson,PHI,1.1,6,0.0,0.0,0.0,0.0,0.0,0.0,0.0,0.333,1.5,0.333,1.0,3.14,5.45
335,2025,Lucas Erceg,KCR,33.0,132,7.1,3.0,2.4,0.3,0.197,0.083,0.114,0.2,1.06,0.247,0.867,3.04,4.01
336,2025,Corbin Burnes,ARI,33.2,148,10.2,4.8,2.1,0.3,0.257,0.122,0.135,0.208,1.31,0.284,0.899,3.14,3.57
337,2025,Keegan Akin,BAL,24.2,106,9.5,4.0,2.4,1.5,0.245,0.104,0.142,0.287,1.54,0.354,0.864,4.47,3.99
338,2025,Walker Buehler,2 Tms,66.0,316,6.7,4.9,1.4,1.1,0.155,0.114,0.041,0.3,1.79,0.339,0.796,5.09,5.29
339,2025,Tony Gonsolin,LAD,19.2,93,6.4,5.9,1.1,1.8,0.151,0.14,0.011,0.276,1.73,0.288,0.796,6.8,5.96
340,2025,Colin Poche,2 Tms,5.2,28,11.1,7.9,1.4,1.6,0.25,0.179,0.071,0.348,2.29,0.467,0.603,5.61,5.76
341,2025,Ronel Blanco,HOU,18.2,82,5.8,5.3,1.1,2.9,0.146,0.134,0.012,0.232,1.45,0.189,0.753,7.8,6.18
342,2025,Dane Dunning,2 Tms,11.0,46,9.0,4.1,2.2,0.0,0.239,0.109,0.13,0.22,1.27,0.3,0.857,2.5,3.9
343,2025,Shane Bieber,TOR,22.0,80,9.0,1.2,7.3,0.8,0.275,0.038,0.238,0.156,0.68,0.189,1.0,2.73,2.74
344,2025,Yohan Ramírez,PIT,11.2,58,13.1,6.9,1.9,1.5,0.293,0.155,0.138,0.261,1.8,0.357,0.644,5.28,4.5
345,2025,Jake Rogers,DET,2.0,9,0.0,0.0,0.0,0.0,0.0,0.0,0.0,0.375,1.5,0.375,1.0,4.64,7.72
346,2025,Shaun Anderson,LAA,5.1,26,10.1,3.4,3.0,5.1,0.231,0.077,0.154,0.333,1.88,0.333,0.517,9.32,4.32
347,2025,Jorge Alcala,3 Tms,23.2,106,9.1,4.6,2.0,2.7,0.226,0.113,0.113,0.298,1.69,0.333,0.464,6.47,5.17
348,2025,Aaron Civale,3 Tms,50.0,216,8.8,4.0,2.2,1.4,0.227,0.102,0.125,0.249,1.38,0.291,0.625,4.76,4.68
349,2025,Tyler Ferguson,ATH,14.0,75,5.8,12.2,0.5,1.3,0.12,0.253,-0.133,0.241,2.29,0.25,0.762,7.99,8.45
350,2025,Alan Rangel,PHI,5.1,23,6.8,6.8,1.0,0.0,0.174,0.174,0.0,0.158,1.31,0.2,1.0,3.89,6.2
351,2025,Geoff Hartlieb,2 Tms,0.2,12,13.5,67.5,0.2,27.0,0.083,0.417,-0.333,0.714,15.0,0.75,0.833,61.64,27.26
352,2025,David Bednar,2 Tms,30.0,121,9.9,4.2,2.4,0.3,0.273,0.116,0.157,0.178,1.1,0.247,0.791,2.77,3.93
353,2025,JoJo Romero,STL,25.0,104,9.7,3.2,3.0,0.0,0.26,0.087,0.173,0.211,1.12,0.284,0.724,2.18,3.29
354,2025,Forrest Whitley,2 Tms,7.1,37,13.5,7.4,1.8,1.2,0.297,0.162,0.135,0.233,1.77,0.333,0.556,4.77,5.1
355,2025,Cionel Pérez,BAL,9.0,43,9.0,6.0,1.5,0.0,0.209,0.14,0.07,0.265,1.67,0.333,0.563,3.47,4.67
356,2025,Jordan Hicks,2 Tms,29.0,143,7.4,5.3,1.4,0.6,0.168,0.119,0.049,0.311,1.86,0.376,0.601,4.86,5.29
357,2025,Kyle Hart,SDP,14.2,57,8.0,1.8,4.3,0.6,0.228,0.053,0.175,0.189,0.89,0.231,0.714,3.07,4.39
358,2025,Jason Alexander,2 Tms,41.0,178,7.0,3.5,2.0,2.0,0.18,0.09,0.09,0.267,1.44,0.281,0.711,5.6,4.63
359,2025,Gregory Soto,2 Tms,28.0,118,10.0,2.9,3.4,0.6,0.263,0.076,0.186,0.192,1.04,0.25,0.795,3.24,3.53
360,2025,Connor Seabold,2 Tms,7.0,29,7.7,5.1,1.5,1.3,0.207,0.138,0.069,0.167,1.14,0.167,0.606,4.99,5.78
361,2025,Dustin May,2 Tms,74.1,334,9.9,4.8,2.1,1.8,0.246,0.12,0.126,0.261,1.55,0.311,0.755,5.33,4.26
362,2025,Caleb Boushley,TEX,19.0,90,10.4,3.8,2.8,1.9,0.244,0.089,0.156,0.346,1.89,0.436,0.573,4.98,3.54
363,2025,Anthony Bender,MIA,20.0,86,7.2,5.0,1.5,0.9,0.186,0.128,0.058,0.203,1.3,0.232,0.702,4.64,5.34
364,2025,Jonathan Loáisiga,NYY,10.1,51,7.0,4.4,1.6,2.6,0.157,0.098,0.059,0.304,1.84,0.314,0.878,6.81,4.98
365,2025,Shohei Ohtani,LAD,21.1,83,13.5,1.7,8.0,0.0,0.386,0.048,0.337,0.179,0.84,0.298,0.778,0.7,1.64
366,2025,Will Vest,DET,29.1,126,11.7,4.3,2.7,0.6,0.302,0.111,0.19,0.243,1.4,0.347,0.733,2.86,3.13
367,2025,Justin Garza,NYM,4.1,16,2.1,0.0,1.0,0.0,0.063,0.0,0.063,0.188,0.69,0.2,0.333,2.67,5.16
368,2025,Jhonny Pereda,ATH,2.0,10,9.0,0.0,2.0,4.5,0.2,0.0,0.2,0.444,2.0,0.429,0.385,7.64,4.99
369,2025,Bryan Baker,2 Tms,36.1,143,10.7,2.5,4.3,1.5,0.301,0.07,0.231,0.206,1.02,0.25,0.909,3.74,3.33
370,2025,Gerson Garabito,TEX,4.2,22,11.6,1.9,6.0,1.9,0.273,0.045,0.227,0.333,1.71,0.429,0.0,3.99,2.53
371,2025,Abraham Toro,BOS,0.1,5,0.0,27.0,0.0,0.0,0.0,0.2,-0.2,0.75,12.0,0.75,0.75,12.14,12.14
372,2025,Michael King,SDP,40.1,173,10.3,3.6,2.9,1.3,0.266,0.092,0.173,0.237,1.31,0.298,0.768,4.05,4.14
373,2025,Griffin Canning,NYM,39.1,172,9.4,4.6,2.1,1.1,0.238,0.116,0.122,0.243,1.45,0.302,0.76,4.23,4.1
374,2025,Kevin Ginkel,ARI,11.1,49,12.7,3.2,4.0,1.6,0.327,0.082,0.245,0.22,1.15,0.28,0.574,4.19,3.67
375,2025,Tanner Houck,BOS,22.0,115,7.0,4.9,1.4,2.9,0.148,0.104,0.043,0.378,2.23,0.4,0.625,7.91,5.17
376,2025,Alex Lange,DET,0.1,2,27.0,27.0,1.0,0.0,0.5,0.5,0.0,0.0,3.0,0.0,1.0,6.14,6.14
377,2025,Corbin Martin,BAL,9.1,43,9.6,3.9,2.5,1.9,0.233,0.093,0.14,0.237,1.39,0.269,0.536,5.39,3.92
378,2025,Emmanuel Rivera,BAL,0.0,4,0.0,9.0,0.0,9.0,0.0,0.25,-0.25,1.0,4.0,1.0,-0.385,19.14,7.68
379,2025,Clarke Schmidt,NYY,38.1,162,9.4,4.7,2.0,1.4,0.247,0.123,0.123,0.216,1.3,0.253,0.751,4.73,4.5
380,2025,José Suarez,ATL,10.0,38,9.9,3.6,2.8,0.9,0.289,0.105,0.184,0.156,0.9,0.182,0.789,3.44,3.83
381,2025,Bryan Hudson,2 Tms,5.1,29,6.7,8.4,0.8,3.4,0.138,0.172,-0.034,0.333,2.44,0.333,0.686,9.32,7.05
382,2025,Tony Santillan,CIN,39.0,161,9.5,3.7,2.6,1.2,0.255,0.099,0.155,0.223,1.21,0.274,0.818,4.24,4.07
383,2025,Luke Williams,ATL,3.0,12,6.0,3.0,2.0,0.0,0.167,0.083,0.083,0.182,1.0,0.222,0.667,2.8,5.89
384,2025,Ian Anderson,LAA,3.0,16,6.0,6.0,1.0,0.0,0.125,0.125,0.0,0.357,2.33,0.417,0.429,3.8,5.86
385,2025,Jesús Luzardo,PHI,46.2,173,13.1,1.4,9.7,0.4,0.393,0.04,0.353,0.205,0.88,0.333,0.759,1.23,1.93
386,2025,Joey Wentz,3 Tms,27.1,129,8.2,5.3,1.6,1.0,0.194,0.124,0.07,0.295,1.79,0.353,0.58,4.49,5.04
387,2025,Bryse Wilson,CHW,18.0,99,4.0,7.5,0.5,2.5,0.081,0.152,-0.071,0.354,2.44,0.343,0.816,8.52,7.91
388,2025,Dylan Lee,ATL,31.1,119,10.1,2.0,5.0,1.4,0.294,0.059,0.235,0.2,0.93,0.236,0.955,3.65,3.1
389,2025,Tyler Wells,BAL,11.1,47,8.7,1.6,5.5,3.2,0.234,0.043,0.191,0.267,1.24,0.267,0.833,6.31,3.9
390,2025,Miles Mastrobuoni,SEA,0.2,3,0.0,13.5,0.0,0.0,0.0,0.333,-0.333,0.0,1.5,0.0,1.0,7.64,9.95
391,2025,John Schreiber,KCR,27.0,111,6.3,2.3,2.7,1.7,0.171,0.063,0.108,0.243,1.19,0.253,0.846,5.02,5.19
392,2025,Rico Garcia,3 Tms,17.1,71,11.9,4.2,2.9,1.6,0.324,0.113,0.211,0.194,1.15,0.243,0.886,4.12,3.38
393,2025,Darren McCaughan,MIN,1.1,5,6.8,0.0,1.0,0.0,0.2,0.0,0.2,0.0,0.0,0.0,1.0,1.64,3.95
394,2025,Adrian Morejon,SDP,33.0,122,9.3,0.8,11.3,0.0,0.279,0.025,0.254,0.148,0.61,0.2,0.4,1.35,1.91
395,2025,Sean Guenther,DET,4.1,21,8.3,4.2,2.0,0.0,0.19,0.095,0.095,0.368,2.08,0.467,0.444,2.67,4.1
396,2025,Kaleb Ort,HOU,16.0,74,9.0,5.1,1.8,2.8,0.216,0.122,0.095,0.254,1.56,0.25,0.556,6.89,4.94
397,2025,Bailey Falter,2 Tms,30.2,129,6.2,2.1,3.0,1.2,0.163,0.054,0.109,0.269,1.27,0.292,0.581,4.24,4.66
398,2025,Chris Paddack,2 Tms,81.1,345,6.0,2.3,2.6,2.0,0.157,0.061,0.096,0.256,1.25,0.253,0.689,5.57,5.08
399,2025,Calvin Faucher,MIA,31.0,130,8.4,3.2,2.6,0.9,0.223,0.085,0.138,0.226,1.19,0.271,0.833,3.78,3.82
400,2025,Nate Pearson,CHC,6.2,33,1.4,6.8,0.2,2.7,0.03,0.152,-0.121,0.4,2.25,0.32,0.492,8.99,8.79
401,2025,Zach Pop,2 Tms,2.2,17,6.7,3.4,2.0,13.5,0.118,0.059,0.059,0.438,3.0,0.3,0.0,22.26,5.07
402,2025,Garrett Whitlock,BOS,34.2,136,10.6,2.6,4.1,0.3,0.301,0.074,0.228,0.197,0.98,0.284,0.815,2.27,3.1
403,2025,Ben Bowden,ATH,4.1,18,10.4,8.3,1.3,0.0,0.278,0.222,0.056,0.077,1.15,0.111,0.8,3.6,4.31
404,2025,Eli Morgan,CHC,3.2,18,7.4,2.5,3.0,2.5,0.167,0.056,0.111,0.353,1.91,0.385,0.536,5.86,6.1
405,2025,Griffin Jax,2 Tms,32.0,146,12.9,3.1,4.2,1.1,0.315,0.075,0.24,0.293,1.56,0.417,0.727,3.01,2.73
406,2025,Daysbel Hernández,ATL,17.0,73,9.5,9.0,1.1,0.5,0.247,0.233,0.014,0.127,1.41,0.167,0.763,4.96,5.65
407,2025,Jhonathan Díaz,SEA,0.1,2,0.0,0.0,0.0,0.0,0.0,0.0,0.0,0.5,3.0,0.5,1.0,3.14,7.76
408,2025,David Peterson,NYM,39.2,162,10.9,1.4,8.0,0.2,0.296,0.037,0.259,0.228,1.01,0.32,0.587,1.8,2.29
409,2025,Nick Raquet,STL,1.0,4,9.0,9.0,1.0,0.0,0.25,0.25,0.0,0.0,1.0,0.0,1.0,4.14,7.22
410,2025,Riley O'Brien,STL,21.0,85,11.6,3.9,3.0,0.0,0.318,0.106,0.212,0.157,0.95,0.244,0.792,2.42,3.08
411,2025,Zack Kelly,BOS,17.0,70,5.8,3.2,1.8,0.0,0.157,0.086,0.071,0.217,1.12,0.255,0.667,3.25,5.25
412,2025,Steven Wilson,CHW,18.2,91,8.7,4.3,2.0,2.4,0.198,0.099,0.099,0.325,1.88,0.362,0.828,6.3,5.29
413,2025,Bruce Zimmermann,MIL,1.2,10,0.0,10.8,0.0,10.8,0.0,0.2,-0.2,0.5,3.6,0.333,0.0,22.34,9.51
414,2025,Andrés Muñoz,SEA,29.2,119,12.1,4.6,2.7,0.3,0.336,0.126,0.21,0.15,1.01,0.226,0.777,2.49,2.89
415,2025,Greg Weissert,BOS,26.2,113,7.1,4.7,1.5,0.3,0.186,0.124,0.062,0.214,1.31,0.26,0.804,3.62,4.81
416,2025,Tyler Zuber,2 Tms,3.2,23,7.4,12.3,0.6,2.5,0.13,0.217,-0.087,0.389,3.27,0.429,0.755,9.14,7.27
417,2025,Isaac Mattson,PIT,19.1,92,8.4,6.5,1.3,0.9,0.196,0.152,0.043,0.267,1.76,0.316,0.87,4.95,5.75
418,2025,Jovani Morán,BOS,1.1,9,0.0,20.3,0.0,0.0,0.0,0.333,-0.333,0.333,3.75,0.333,0.8,9.89,11.04
419,2025,Ryan Walker,SFG,28.0,121,10.9,2.3,4.9,0.6,0.281,0.058,0.223,0.266,1.29,0.365,0.699,2.81,3.04
420,2025,Casey Mize,DET,80.2,339,8.8,2.0,4.4,0.9,0.233,0.053,0.18,0.268,1.28,0.33,0.765,3.17,3.95
421,2025,Nick Sandlin,TOR,8.0,31,10.1,4.5,2.3,0.0,0.29,0.129,0.161,0.115,0.88,0.176,0.5,2.76,3.92
422,2025,Vidal Bruján,ATL,1.1,6,0.0,6.8,0.0,0.0,0.0,0.167,-0.167,0.2,1.5,0.2,1.0,5.39,7.7
423,2025,Edwin Uceta,TBR,34.0,145,12.2,4.2,2.9,1.6,0.317,0.11,0.207,0.226,1.29,0.289,0.71,4.22,3.52
424,2025,Grant Anderson,MIL,23.1,106,11.6,5.8,2.0,0.8,0.283,0.142,0.142,0.225,1.5,0.31,0.693,3.74,4.07
425,2025,Bowden Francis,TOR,35.2,161,7.6,4.8,1.6,3.5,0.186,0.118,0.068,0.297,1.68,0.276,0.693,8.15,5.39
426,2025,Tyler Phillips,MIA,37.2,151,5.7,4.3,1.3,0.7,0.159,0.119,0.04,0.195,1.17,0.217,0.754,4.33,4.65
427,2025,Yusei Kikuchi,LAA,37.2,158,10.5,3.1,3.4,0.2,0.278,0.082,0.196,0.252,1.3,0.357,0.847,2.34,3.1
428,2025,Luis F. Castillo,SEA,2.0,13,0.0,4.5,0.0,0.0,0.0,0.077,-0.077,0.417,3.0,0.417,0.667,4.64,7.72
429,2025,Félix Bautista,BAL,17.2,73,11.2,6.1,1.8,0.5,0.301,0.164,0.137,0.148,1.19,0.211,0.816,3.42,3.82
430,2025,Cristopher Sánchez,PHI,44.2,173,9.7,1.6,6.0,0.2,0.277,0.046,0.231,0.189,0.85,0.259,0.837,2.08,2.41
431,2025,Manuel Rodríguez,TBR,10.2,42,6.8,1.7,4.0,0.0,0.19,0.048,0.143,0.216,0.94,0.258,0.545,2.48,3.49
432,2025,Michael Petersen,2 Tms,8.0,37,9.0,4.5,2.0,3.4,0.216,0.108,0.108,0.242,1.5,0.227,0.641,7.51,5.33
433,2025,Elvin Rodríguez,2 Tms,7.0,31,10.3,1.3,8.0,2.6,0.258,0.032,0.226,0.3,1.43,0.35,0.694,4.99,5.02
434,2025,Eduard Bazardo,SEA,33.2,140,9.4,4.0,2.3,1.3,0.25,0.107,0.143,0.22,1.25,0.259,0.743,4.32,4.18
435,2025,Jhoan Duran,2 Tms,39.1,153,10.5,2.7,3.8,0.2,0.301,0.078,0.222,0.168,0.89,0.242,0.765,2.27,2.65
436,2025,Emmanuel Clase,CLE,20.2,88,7.4,2.2,3.4,0.0,0.193,0.057,0.136,0.259,1.26,0.318,0.769,2.22,3.41
437,2025,Seth Martinez,MIA,4.1,17,8.3,4.2,2.0,2.1,0.235,0.118,0.118,0.143,0.92,0.1,0.769,5.67,4.81
438,2025,Luis Gil,NYY,30.1,131,5.6,5.9,1.0,0.9,0.145,0.153,-0.008,0.22,1.45,0.236,0.754,5.15,6.1
439,2025,Dauri Moreta,PIT,6.2,31,12.1,6.8,1.8,0.0,0.29,0.161,0.129,0.28,1.8,0.412,0.833,2.69,4.77
440,2025,Jose Espada,BAL,2.0,5,9.0,0.0,2.0,0.0,0.4,0.0,0.4,0.0,0.0,0.0,1.0,1.14,1.91
441,2025,Alexis Díaz,3 Tms,5.1,31,6.8,11.8,0.6,5.1,0.129,0.226,-0.097,0.304,2.63,0.25,0.556,13.45,9.31
442,2025,Brooks Kriske,2 Tms,8.2,41,8.3,4.2,2.0,0.0,0.195,0.098,0.098,0.333,1.85,0.414,0.563,2.67,4.45
443,2025,Connor Brogdon,LAA,23.1,101,7.3,3.5,2.1,2.3,0.188,0.089,0.099,0.264,1.41,0.269,0.61,6.01,5.24
444,2025,J.P. France,HOU,0.2,2,0.0,0.0,0.0,0.0,0.0,0.0,0.0,0.0,0.0,0.0,1.0,3.14,7.76
445,2025,Bailey Ober,MIN,76.1,330,6.4,1.9,3.4,2.0,0.164,0.048,0.115,0.274,1.32,0.282,0.77,5.32,5.15
446,2025,Daniel Robert,PHI,7.2,27,7.0,3.5,2.0,0.0,0.222,0.111,0.111,0.083,0.65,0.111,0.8,2.74,4.55
447,2025,Allan Winans,NYY,4.0,22,9.0,4.5,2.0,2.3,0.182,0.091,0.091,0.389,2.25,0.429,0.465,6.64,6.08
448,2025,Jake Bird,2 Tms,25.1,112,10.7,4.3,2.5,1.4,0.268,0.107,0.161,0.289,1.58,0.369,0.508,4.36,3.46
449,2025,Jacob Latz,TEX,31.0,117,6.7,2.9,2.3,0.9,0.197,0.085,0.111,0.17,0.9,0.185,0.672,3.88,4.16
450,2025,Tylor Megill,NYM,33.0,149,10.9,5.5,2.0,0.5,0.268,0.134,0.134,0.221,1.42,0.301,0.788,3.68,4.39
451,2025,Bennett Sousa,HOU,19.1,68,11.6,1.9,6.3,0.5,0.368,0.059,0.309,0.145,0.67,0.211,0.431,1.84,2.61
452,2025,Joe Ryan,MIN,85.2,356,8.8,2.2,4.0,1.7,0.236,0.059,0.177,0.241,1.17,0.274,0.835,4.51,4.33
453,2025,Yerry De los Santos,NYY,13.1,63,6.8,4.1,1.7,0.7,0.159,0.095,0.063,0.291,1.65,0.326,0.68,3.96,3.91
454,2025,Ryan Feltner,COL,13.2,68,8.6,6.6,1.3,1.3,0.191,0.147,0.044,0.293,1.98,0.349,0.826,5.33,5.12
455,2025,Davis Martin,CHW,71.1,307,5.9,3.8,1.6,1.5,0.153,0.098,0.055,0.255,1.39,0.264,0.748,5.35,4.94
456,2025,Konnor Pilkington,WSN,10.2,48,10.1,5.1,2.0,4.2,0.25,0.125,0.125,0.262,1.59,0.24,1.0,8.67,4.74
457,2025,Kris Bubic,KCR,25.0,102,7.9,2.5,3.1,0.4,0.216,0.069,0.147,0.217,1.08,0.271,0.688,2.98,3.94
458,2025,Cole Sands,MIN,35.0,151,6.7,2.8,2.4,1.0,0.172,0.073,0.099,0.242,1.23,0.262,0.619,4.34,4.66
459,2025,Sean Hjelle,SFG,5.2,34,4.8,9.5,0.5,1.6,0.088,0.176,-0.088,0.429,3.18,0.458,0.723,7.55,7.16
460,2025,Stephen Kolek,2 Tms,59.1,251,7.3,3.5,2.1,1.1,0.191,0.092,0.1,0.229,1.25,0.256,0.69,4.26,3.95
461,2025,Jake Irvin,WSN,100.2,450,6.0,3.3,1.8,2.3,0.149,0.082,0.067,0.286,1.52,0.286,0.666,6.41,5.17
462,2025,Hogan Harris,ATH,24.0,105,8.3,4.9,1.7,0.8,0.21,0.124,0.086,0.236,1.42,0.284,0.683,4.14,4.59
463,2025,Daniel Lynch IV,KCR,28.2,124,6.9,3.5,2.0,0.9,0.177,0.089,0.089,0.262,1.36,0.301,0.854,4.64,4.4
464,2025,Chase Shugart,PIT,14.1,65,3.8,6.3,0.6,1.3,0.092,0.154,-0.062,0.222,1.53,0.213,0.833,6.2,6.86
465,2025,Justin Hagenman,NYM,11.0,49,6.5,0.0,8.0,2.5,0.163,0.0,0.163,0.327,1.45,0.342,0.678,5.23,3.92
466,2025,Jackson Kowar,SEA,10.2,43,7.6,2.5,3.0,1.7,0.209,0.07,0.14,0.205,1.03,0.214,1.0,5.01,5.03
467,2025,Brendon Little,TOR,34.0,139,11.9,4.8,2.5,0.3,0.324,0.129,0.194,0.195,1.21,0.297,0.739,2.55,3.03
468,2025,Tristan Beck,SFG,27.1,113,5.9,3.3,1.8,1.3,0.159,0.088,0.071,0.202,1.1,0.203,0.568,5.04,4.88
469,2025,Grant Wolfram,BAL,11.0,56,15.5,4.9,3.2,0.0,0.339,0.107,0.232,0.313,1.91,0.5,0.682,1.59,2.71
470,2025,Elvis Peguero,2 Tms,3.0,19,15.0,9.0,1.7,0.0,0.263,0.158,0.105,0.375,3.0,0.545,0.778,2.8,4.34
471,2025,Elvis Alvarado,ATH,17.1,80,14.5,5.7,2.5,2.1,0.35,0.138,0.213,0.239,1.56,0.343,0.897,5.15,3.49
472,2025,Edward Cabrera,MIA,68.2,308,9.8,4.5,2.2,1.3,0.244,0.11,0.133,0.234,1.4,0.286,0.82,4.64,4.31
473,2025,Javier Assad,CHC,15.2,62,6.3,1.7,3.7,1.1,0.177,0.048,0.129,0.293,1.28,0.333,0.659,4.16,4.07
474,2025,Cole Ragans,KCR,15.2,71,11.5,4.6,2.5,0.0,0.282,0.113,0.169,0.233,1.4,0.341,0.667,2.5,3.68
475,2025,Mason Thompson,WSN,4.0,27,13.5,18.0,0.8,0.0,0.222,0.296,-0.074,0.368,3.75,0.538,0.4,6.14,8.45
476,2025,George Soriano,MIA,17.2,86,10.7,4.1,2.6,4.1,0.244,0.093,0.151,0.359,2.04,0.408,0.403,8.0,3.69
477,2025,Gregory Santos,SEA,2.2,14,0.0,16.9,0.0,0.0,0.0,0.357,-0.357,0.333,3.0,0.333,0.875,8.76,10.49
478,2025,Sauryn Lao,2 Tms,5.1,23,3.4,1.7,2.0,3.4,0.087,0.043,0.043,0.273,1.31,0.222,0.476,7.82,5.84
479,2025,Juan Morillo,ARI,15.1,67,11.2,7.0,1.6,0.0,0.284,0.179,0.104,0.264,1.7,0.4,0.778,3.2,4.31
480,2025,Joel Peguero,SFG,7.0,33,3.9,5.1,0.8,2.6,0.091,0.121,-0.03,0.357,2.0,0.333,0.893,7.71,6.64
481,2025,Camilo Doval,2 Tms,31.0,128,10.5,4.4,2.4,0.6,0.281,0.117,0.164,0.196,1.19,0.27,0.511,3.2,3.41
482,2025,John King,STL,25.0,103,4.7,0.7,6.5,1.1,0.126,0.019,0.107,0.253,1.08,0.259,0.57,3.9,3.38
483,2025,José Soriano,LAA,92.1,395,7.4,4.5,1.7,0.7,0.192,0.116,0.076,0.233,1.36,0.278,0.671,4.07,3.78
484,2025,Cole Winn,TEX,13.2,63,7.9,7.2,1.1,0.7,0.19,0.175,0.016,0.26,1.76,0.316,1.0,4.96,5.71
485,2025,Max Kranick,NYM,20.1,81,7.1,1.3,5.3,1.8,0.198,0.037,0.16,0.231,1.03,0.241,0.779,4.56,4.13
486,2025,Easton McGee,MIL,8.0,37,9.0,3.4,2.7,1.1,0.216,0.081,0.135,0.294,1.63,0.36,0.603,3.89,4.38
487,2025,Hunter Greene,CIN,52.1,207,11.9,2.6,4.6,1.5,0.333,0.072,0.261,0.184,0.96,0.232,0.863,3.71,3.36
488,2025,Tobias Myers,MIL,21.1,96,7.2,3.8,1.9,0.4,0.177,0.094,0.083,0.274,1.5,0.324,0.728,3.56,4.68
489,2025,Ryan Rolison,COL,19.1,82,5.1,4.2,1.2,1.4,0.134,0.11,0.024,0.274,1.5,0.288,0.726,5.41,4.99
490,2025,MacKenzie Gore,WSN,43.1,177,11.2,2.9,3.9,1.0,0.305,0.079,0.226,0.235,1.2,0.317,0.467,3.11,3.14
491,2025,DL Hall,MIL,17.1,68,7.3,5.2,1.4,1.0,0.206,0.147,0.059,0.121,0.98,0.119,0.775,4.75,4.94
492,2025,Jeremiah Estrada,SDP,30.1,127,11.9,4.7,2.5,1.2,0.315,0.126,0.189,0.17,1.12,0.215,0.757,3.99,3.9
493,2025,Logan Gilbert,SEA,67.2,270,11.2,2.3,4.9,1.2,0.311,0.063,0.248,0.197,0.98,0.255,0.833,3.27,3.11
494,2025,Sean Reynolds,SDP,10.0,48,10.8,9.0,1.2,2.7,0.25,0.208,0.042,0.216,1.8,0.227,0.878,7.94,6.04
495,2025,Shane Baz,TBR,76.1,337,11.2,3.2,3.5,1.1,0.282,0.08,0.202,0.255,1.36,0.34,0.729,3.48,3.48
496,2025,Tarik Skubal,DET,39.0,149,10.4,0.5,22.5,0.2,0.302,0.013,0.289,0.214,0.85,0.303,0.833,1.47,2.4
497,2025,Owen White,CHW,3.0,14,6.0,6.0,1.0,3.0,0.143,0.143,0.0,0.417,2.33,0.444,0.179,8.14,4.32
498,2025,Matt Sauer,LAD,11.2,58,6.9,3.9,1.8,2.3,0.155,0.086,0.069,0.373,2.06,0.4,0.721,6.48,5.25
499,2025,Trevor Rogers,BAL,21.1,78,9.7,2.5,3.8,0.0,0.295,0.077,0.218,0.159,0.8,0.224,0.824,1.82,2.76
500,2025,Mason Englert,TBR,21.2,95,8.3,3.7,2.2,0.4,0.211,0.095,0.116,0.256,1.43,0.323,0.709,3.14,4.39
501,2025,Matthew Liberatore,STL,30.0,133,8.7,3.9,2.2,0.9,0.218,0.098,0.12,0.274,1.5,0.333,0.789,3.9,4.25
502,2025,Brenan Hanifee,DET,16.2,85,4.3,4.9,0.9,1.1,0.094,0.106,-0.012,0.373,2.22,0.394,0.585,5.36,6.39
503,2025,Colin Holderman,PIT,9.1,45,7.7,7.7,1.0,1.0,0.178,0.178,0.0,0.286,1.93,0.321,0.723,5.39,5.15
504,2025,Josh Winckowski,BOS,4.0,20,9.0,4.5,2.0,0.0,0.2,0.1,0.1,0.353,2.0,0.429,0.375,2.64,3.79
505,2025,Logan Gillaspie,SDP,3.0,12,6.0,6.0,1.0,3.0,0.167,0.167,0.0,0.3,1.67,0.286,0.833,8.14,5.34
506,2025,Johan Oviedo,PIT,22.0,85,7.8,4.5,1.7,1.2,0.224,0.129,0.094,0.151,1.0,0.154,0.787,4.68,5.01
507,2025,Michel Otañez,ATH,1.2,8,10.8,10.8,1.0,0.0,0.25,0.25,0.0,0.0,1.2,0.0,0.667,6.14,7.99
508,2025,Taj Bradley,2 Tms,70.0,299,8.1,4.0,2.0,1.5,0.211,0.104,0.107,0.237,1.33,0.262,0.563,4.98,4.45
509,2025,Keider Montero,DET,42.0,187,5.6,4.9,1.1,2.1,0.139,0.123,0.016,0.282,1.64,0.281,0.818,6.64,5.56
510,2025,Carlos Hernández,3 Tms,18.0,99,8.0,8.0,1.0,1.0,0.162,0.162,0.0,0.333,2.33,0.375,0.622,5.64,6.5
511,2025,Angel Zerpa,KCR,27.2,114,7.8,3.3,2.4,1.0,0.211,0.088,0.123,0.225,1.19,0.263,0.906,4.0,3.26
512,2025,Roansy Contreras,2 Tms,7.1,25,3.7,1.2,3.0,1.2,0.12,0.04,0.08,0.167,0.68,0.15,0.556,4.5,5.04
513,2025,Oswald Peraza,LAA,1.0,6,0.0,0.0,0.0,0.0,0.0,0.0,0.0,0.5,3.0,0.5,0.667,3.14,4.68
514,2025,Yoendrys Gómez,3 Tms,36.0,161,7.8,3.8,2.1,2.8,0.193,0.093,0.099,0.261,1.44,0.257,0.581,6.89,5.1
515,2025,Carlos Vargas,SEA,37.0,142,6.1,1.9,3.1,1.0,0.176,0.056,0.12,0.205,0.95,0.219,0.68,3.84,3.72
516,2025,Dedniel Núñez,NYM,3.2,19,7.4,14.7,0.5,2.5,0.158,0.316,-0.158,0.154,2.18,0.111,0.758,9.95,8.93
517,2025,Robinson Piña,2 Tms,1.1,8,0.0,6.7,0.0,0.0,0.0,0.125,-0.125,0.286,2.25,0.286,0.333,5.39,7.7
518,2025,Eduardo Salazar,WSN,13.1,68,5.4,5.4,1.0,2.0,0.118,0.118,0.0,0.328,2.03,0.327,0.658,6.66,5.7
519,2025,Osvaldo Bido,ATH,35.1,154,10.4,3.1,3.4,2.5,0.266,0.078,0.188,0.294,1.47,0.33,0.684,5.51,4.23
520,2025,Eduarniel Núñez,2 Tms,4.2,27,9.6,9.6,1.0,3.9,0.185,0.185,0.0,0.381,2.79,0.429,0.625,10.42,7.16
521,2025,Steven Cruz,KCR,20.0,83,9.9,5.0,2.0,0.5,0.265,0.133,0.133,0.183,1.2,0.25,0.89,3.39,3.97
522,2025,Michael Mercado,PHI,1.0,9,18.0,18.0,1.0,9.0,0.222,0.222,0.0,0.571,6.0,0.75,0.652,18.14,8.22
523,2025,Juan Mejia,COL,27.0,126,6.7,5.7,1.2,1.0,0.159,0.135,0.024,0.267,1.67,0.298,0.584,5.21,5.31
524,2025,Cody Bolton,CLE,0.1,3,27.0,0.0,1.0,0.0,0.333,0.0,0.333,0.667,6.0,1.0,0.5,-2.86,-2.86
525,2025,Codi Heuer,2 Tms,2.0,11,9.0,4.5,2.0,9.0,0.182,0.091,0.091,0.3,2.0,0.167,1.0,15.64,4.95
526,2025,Janson Junk,MIA,55.0,235,5.9,1.6,3.6,1.0,0.153,0.043,0.111,0.294,1.35,0.322,0.729,3.95,4.39
527,2025,Collin Snider,SEA,10.2,53,9.3,1.7,5.5,1.7,0.208,0.038,0.17,0.375,1.88,0.444,0.469,4.64,3.93
528,2025,José Buttó,2 Tms,28.1,124,7.6,6.0,1.3,0.6,0.194,0.153,0.04,0.257,1.59,0.304,0.782,4.37,4.81
529,2025,Freddy Tarnok,MIA,5.0,19,14.4,3.6,4.0,1.8,0.421,0.105,0.316,0.063,0.6,0.0,0.769,4.34,2.66
530,2025,Joey Cantillo,CLE,24.2,113,9.9,5.8,1.7,1.1,0.239,0.142,0.097,0.258,1.66,0.328,0.788,4.47,4.39
531,2025,Robert Garcia,TEX,24.1,99,9.2,1.1,8.3,1.1,0.253,0.03,0.222,0.245,1.07,0.299,0.877,3.18,3.28
532,2025,Nolan Hoffman,PHI,1.0,5,18.0,0.0,2.0,0.0,0.4,0.0,0.4,0.4,2.0,0.667,0.5,-0.86,-0.86
533,2025,PJ Poulin,WSN,9.2,43,14.0,5.6,2.5,1.9,0.349,0.14,0.209,0.243,1.55,0.35,0.902,4.58,3.49
534,2025,José Caballero,TBR,1.0,6,0.0,9.0,0.0,9.0,0.0,0.167,-0.167,0.4,3.0,0.25,-0.625,19.14,10.76
535,2025,Max Lazar,PHI,19.1,78,7.0,2.3,3.0,1.4,0.192,0.064,0.128,0.26,1.24,0.291,0.657,4.38,3.64
536,2025,JP Sears,2 Tms,21.2,96,8.7,1.7,5.3,1.7,0.219,0.042,0.177,0.289,1.38,0.333,0.906,4.29,4.09
537,2025,Luis Vázquez,BAL,3.0,8,0.0,3.0,0.0,0.0,0.0,0.125,-0.125,0.143,0.67,0.143,1.0,4.14,4.65
538,2025,Tom Cosgrove,CHC,0.1,2,0.0,0.0,0.0,0.0,0.0,0.0,0.0,0.5,3.0,0.5,0.0,3.14,7.76
539,2025,Hunter Stratton,2 Tms,7.0,40,10.3,3.9,2.7,1.3,0.2,0.075,0.125,0.412,2.43,0.5,0.739,4.85,5.64
540,2025,Cam Sanders,PIT,2.2,11,6.7,3.4,2.0,3.4,0.182,0.091,0.091,0.2,1.13,0.143,0.625,7.64,5.65
541,2025,Ron Marinaccio,SDP,2.2,12,10.1,6.7,1.5,0.0,0.25,0.167,0.083,0.2,1.5,0.286,1.0,3.14,3.71
542,2025,Keaton Winn,SFG,4.1,19,10.4,2.1,5.0,0.0,0.263,0.053,0.211,0.333,1.62,0.462,0.571,1.52,3.3
543,2025,Aaron Ashby,MIL,24.1,99,10.7,3.7,2.9,0.4,0.293,0.101,0.192,0.193,1.07,0.268,0.87,2.89,3.11
544,2025,Ben Brown,CHC,46.2,215,12.0,2.7,4.4,2.5,0.288,0.065,0.223,0.288,1.52,0.358,0.699,5.19,3.55
545,2025,Brett de Geus,PHI,1.1,6,0.0,6.8,0.0,0.0,0.0,0.167,-0.167,0.2,1.5,0.2,0.5,5.39,6.54
546,2025,Josh Walker,TOR,1.1,7,6.8,6.8,1.0,0.0,0.143,0.143,0.0,0.5,3.0,0.6,0.75,3.89,5.04
547,2025,Luis Garcia,HOU,2.0,7,4.5,0.0,1.0,0.0,0.143,0.0,0.143,0.0,0.0,0.0,1.0,3.64,5.18
548,2025,Justin Bruihl,TOR,8.0,36,12.4,4.5,2.8,2.3,0.306,0.111,0.194,0.29,1.63,0.389,0.893,5.51,3.22
549,2025,Braxton Ashcraft,PIT,29.0,128,10.2,4.7,2.2,0.3,0.258,0.117,0.141,0.241,1.45,0.333,0.793,2.96,4.0
550,2025,Ryan Weathers,MIA,7.1,32,9.8,2.5,4.0,3.7,0.25,0.063,0.188,0.233,1.23,0.211,1.0,7.09,4.08
551,2025,Randy Dobnak,MIN,3.1,10,2.7,0.0,1.0,2.7,0.1,0.0,0.1,0.1,0.3,0.0,1.0,6.44,3.92
552,2025,Luarbert Arias,MIA,4.2,27,7.7,7.7,1.0,3.9,0.148,0.148,0.0,0.35,2.36,0.333,0.49,10.85,7.59
553,2025,Omar Cruz,SDP,2.0,8,13.5,0.0,3.0,0.0,0.375,0.0,0.375,0.25,1.0,0.4,1.0,0.14,2.45
554,2025,Valente Bellozo,MIA,37.0,169,5.4,2.9,1.8,2.2,0.13,0.071,0.059,0.327,1.7,0.336,0.7,6.16,5.46
555,2025,Brayan Bello,BOS,96.1,411,6.3,3.8,1.6,0.8,0.163,0.1,0.063,0.232,1.29,0.259,0.745,4.48,4.82
556,2025,Randy Rodríguez,SFG,28.1,104,12.1,2.2,5.4,0.6,0.365,0.067,0.298,0.128,0.67,0.185,1.0,2.43,2.93
557,2025,Jose A. Ferrer,WSN,28.1,110,8.3,0.6,13.0,1.0,0.236,0.018,0.218,0.186,0.74,0.208,0.798,3.1,2.32
558,2025,Ronny Henriquez,MIA,34.1,148,12.8,5.0,2.6,1.3,0.331,0.128,0.203,0.211,1.34,0.293,0.795,3.83,3.56
559,2025,Luis Peralta,COL,8.0,46,5.6,9.0,0.6,2.3,0.109,0.174,-0.065,0.351,2.63,0.367,0.781,8.51,7.57
560,2025,Kai-Wei Teng,SFG,16.0,72,9.0,2.8,3.2,0.6,0.222,0.069,0.153,0.262,1.31,0.333,0.691,3.82,4.84
561,2025,Luinder Avila,KCR,6.2,25,9.5,2.7,3.5,0.0,0.28,0.08,0.2,0.087,0.6,0.125,1.0,1.94,3.09
562,2025,Justin Martinez,ARI,9.0,37,16.0,9.0,1.8,0.0,0.432,0.243,0.189,0.071,1.22,0.167,0.727,2.58,3.61
563,2025,Simeon Woods Richardson,MIN,55.0,232,7.9,3.9,2.0,1.3,0.207,0.103,0.103,0.23,1.29,0.258,0.806,4.64,4.91
564,2025,Lyon Richardson,CIN,14.2,69,6.8,4.9,1.4,1.2,0.159,0.116,0.043,0.3,1.77,0.34,0.661,5.25,4.84
565,2025,Kyle Bradish,BAL,17.0,73,13.8,4.8,2.9,1.1,0.356,0.123,0.233,0.234,1.41,0.361,0.896,3.19,3.02
566,2025,John Rooney,HOU,1.0,4,18.0,9.0,2.0,0.0,0.5,0.25,0.25,0.0,1.0,0.0,1.0,2.14,3.68
567,2025,Joey Gerber,TBR,2.1,7,7.7,0.0,2.0,3.9,0.286,0.0,0.286,0.143,0.43,0.0,1.0,6.99,3.4
568,2025,Austin Cox,ATL,9.0,42,6.0,4.0,1.5,5.0,0.143,0.095,0.048,0.263,1.56,0.185,0.571,10.36,5.02
569,2025,Jonathan Bowlan,KCR,18.1,81,10.3,3.9,2.6,2.5,0.259,0.099,0.16,0.288,1.58,0.34,0.727,5.7,3.84
570,2025,Braydon Fisher,TOR,21.1,87,14.3,4.2,3.4,0.4,0.391,0.115,0.276,0.149,0.98,0.244,0.728,2.1,2.8
571,2025,Victor Vodnik,COL,24.2,115,8.0,6.9,1.2,0.7,0.191,0.165,0.026,0.26,1.78,0.319,0.825,4.72,4.91
572,2025,Ryan Fitzgerald,MIN,0.2,2,0.0,0.0,0.0,0.0,0.0,0.0,0.0,0.0,0.0,0.0,1.0,3.14,7.76
573,2025,Jonah Bride,MIN,2.1,12,3.9,3.9,1.0,3.9,0.083,0.083,0.0,0.4,2.14,0.333,0.0,9.14,6.87
574,2025,Luis Curvelo,TEX,9.0,39,9.0,6.0,1.5,0.0,0.231,0.154,0.077,0.194,1.33,0.25,0.75,3.14,6.22
575,2025,Randy Vásquez,SDP,60.1,279,5.5,5.1,1.1,1.2,0.133,0.122,0.011,0.264,1.61,0.279,0.822,5.47,6.23
576,2025,Mike Burrows,PIT,47.0,198,8.8,4.0,2.2,1.0,0.232,0.106,0.126,0.225,1.28,0.272,0.759,3.96,4.19
577,2025,Kyle Leahy,STL,38.1,163,8.7,4.5,1.9,0.7,0.227,0.117,0.11,0.252,1.43,0.317,0.827,3.71,3.98
578,2025,Ryan Fernandez,STL,12.1,59,11.7,7.3,1.6,1.5,0.271,0.169,0.102,0.286,1.95,0.387,0.33,5.08,5.22
579,2025,Lazaro Estrada,TOR,1.1,11,13.5,6.8,2.0,0.0,0.182,0.091,0.091,0.6,5.25,0.75,0.571,2.39,5.85
580,2025,Ethan Roberts,CHC,4.0,17,4.5,2.3,2.0,4.5,0.118,0.059,0.059,0.286,1.25,0.182,0.625,10.14,6.33
581,2025,Austin Warren,NYM,4.0,17,11.3,6.8,1.7,2.3,0.294,0.176,0.118,0.214,1.5,0.25,1.0,6.14,4.81
582,2025,Reese Olson,DET,31.1,131,8.9,2.9,3.1,0.9,0.237,0.076,0.16,0.207,1.09,0.253,0.888,3.74,4.42
583,2025,Cooper Criswell,BOS,6.1,30,4.3,1.4,3.0,0.0,0.1,0.033,0.067,0.31,1.58,0.346,0.8,2.66,4.37
584,2025,Shawn Dubin,2 Tms,14.2,58,7.4,3.1,2.4,1.2,0.207,0.086,0.121,0.226,1.16,0.256,0.634,4.29,3.68
585,2025,Erik Sabrowski,CLE,14.2,54,12.3,3.7,3.3,0.6,0.37,0.111,0.259,0.104,0.75,0.148,0.938,2.52,2.79
586,2025,Colin Selby,BAL,7.1,34,9.8,1.2,8.0,2.5,0.235,0.029,0.206,0.333,1.64,0.391,0.87,4.91,3.04
587,2025,Kody Funderburk,MIN,16.2,80,10.8,7.0,1.5,0.0,0.25,0.163,0.088,0.246,1.74,0.356,0.903,3.44,4.27
588,2025,Evan Sisk,2 Tms,7.2,36,16.4,8.2,2.0,0.0,0.389,0.194,0.194,0.192,1.57,0.357,0.923,2.61,3.42
589,2025,Alex Vesia,LAD,20.2,77,12.6,1.3,9.7,0.9,0.377,0.039,0.338,0.159,0.68,0.22,0.53,2.31,3.22
590,2025,Jacob Lopez,ATH,19.2,85,11.4,2.7,4.2,0.5,0.294,0.071,0.224,0.216,1.12,0.3,0.847,2.63,3.22
591,2025,Tim Herrin,CLE,18.2,88,9.6,8.2,1.2,1.0,0.227,0.193,0.034,0.2,1.61,0.244,0.929,5.76,5.69
592,2025,Penn Murfee,CHW,4.0,19,13.5,2.3,6.0,2.3,0.316,0.053,0.263,0.294,1.5,0.4,0.179,4.89,3.95
593,2025,Yaramil Hiraldo,BAL,9.0,40,12.0,6.0,2.0,4.0,0.3,0.15,0.15,0.273,1.67,0.278,0.851,8.25,4.35
594,2025,Roddery Muñoz,STL,5.0,20,10.8,3.6,3.0,3.6,0.3,0.1,0.2,0.188,1.0,0.1,0.0,7.14,4.4
595,2025,Abner Uribe,MIL,31.1,132,11.8,4.6,2.6,0.3,0.311,0.121,0.189,0.171,1.12,0.261,0.907,2.94,3.17
596,2025,Nick Mears,MIL,24.2,95,5.8,2.2,2.7,1.8,0.168,0.063,0.105,0.214,0.97,0.191,0.706,5.2,4.82
597,2025,Brady Singer,CIN,94.0,404,9.6,3.5,2.7,1.4,0.248,0.092,0.156,0.25,1.33,0.299,0.75,4.52,4.28
598,2025,Sam Long,KCR,14.2,75,8.6,4.3,2.0,1.8,0.187,0.093,0.093,0.328,1.98,0.38,0.543,5.52,4.65
599,2025,Drew Rasmussen,TBR,81.1,322,8.6,2.4,3.5,1.2,0.242,0.068,0.174,0.228,1.09,0.271,0.863,3.93,3.83
600,2025,Ryan Zeferjahn,LAA,26.2,114,9.5,4.1,2.3,1.7,0.246,0.105,0.14,0.24,1.35,0.279,0.7,4.94,4.41
601,2025,Gavin Hollowell,CHC,4.0,18,9.0,4.5,2.0,2.3,0.222,0.111,0.111,0.25,1.5,0.273,0.87,5.89,4.56
602,2025,Will Wilson,CLE,1.1,5,0.0,0.0,0.0,0.0,0.0,0.0,0.0,0.2,0.75,0.2,1.0,3.14,5.45
603,2025,George Kirby,SEA,66.0,284,10.0,2.7,3.7,1.2,0.257,0.07,0.187,0.264,1.33,0.33,0.753,3.74,3.35
604,2025,Nathan Wiles,ATL,0.0,3,0.0,0.0,0.0,0.0,0.0,0.0,0.0,1.0,3.0,1.0,0.333,3.14,3.14
605,2025,Joe La Sorsa,CIN,2.0,13,9.0,0.0,2.0,9.0,0.154,0.0,0.154,0.538,3.5,0.556,1.0,14.14,4.99
606,2025,Paxton Schultz,TOR,12.1,57,11.7,5.1,2.3,0.7,0.281,0.123,0.158,0.271,1.62,0.364,0.591,3.3,3.62
607,2025,Korey Lee,CHW,2.0,8,0.0,0.0,0.0,0.0,0.0,0.0,0.0,0.25,1.0,0.25,1.0,3.14,6.99
608,2025,Matt Waldron,SDP,3.0,13,6.0,12.0,0.5,0.0,0.154,0.308,-0.154,0.111,1.67,0.143,0.6,5.8,7.34
609,2025,Isaiah Campbell,BOS,2.1,12,0.0,3.9,0.0,0.0,0.0,0.083,-0.083,0.455,2.57,0.455,0.833,4.42,4.42
610,2025,Nic Enright,CLE,12.0,53,9.0,2.3,4.0,1.5,0.226,0.057,0.17,0.265,1.33,0.314,0.775,4.3,3.81
611,2025,Brady Basso,ATH,4.1,17,8.3,4.2,2.0,0.0,0.235,0.118,0.118,0.2,1.15,0.273,1.0,2.67,3.74
612,2025,Sammy Peralta,LAA,4.0,18,13.5,4.5,3.0,0.0,0.333,0.111,0.222,0.267,1.5,0.4,0.333,1.64,3.18
613,2025,Xzavion Curry,MIA,1.0,7,0.0,18.0,0.0,0.0,0.0,0.286,-0.286,0.4,4.0,0.4,0.75,9.14,12.22
614,2025,Luis Mey,CIN,8.2,41,11.4,9.3,1.2,0.0,0.268,0.22,0.049,0.188,1.73,0.286,0.8,3.71,4.6
615,2025,Hunter Gaddis,CLE,28.1,114,10.8,3.5,3.1,1.3,0.298,0.096,0.202,0.206,1.13,0.262,0.909,3.74,3.64
616,2025,Justin Slaten,BOS,14.2,60,6.1,4.3,1.4,0.6,0.167,0.117,0.05,0.189,1.16,0.214,0.321,4.09,4.89
617,2025,Ty Adcock,NYM,1.1,8,20.3,6.8,3.0,6.8,0.375,0.125,0.25,0.333,2.25,0.333,1.0,10.64,3.2
618,2025,Kevin Kelly,TBR,17.0,74,9.5,2.1,4.5,3.2,0.243,0.054,0.189,0.275,1.35,0.283,0.411,6.31,3.17
619,2025,Zak Kent,CLE,9.1,42,9.6,5.8,1.7,1.0,0.238,0.143,0.095,0.278,1.71,0.36,0.685,4.31,4.57
620,2025,Matt Brash,SEA,23.0,96,11.7,2.3,5.0,0.4,0.313,0.063,0.25,0.241,1.17,0.345,0.827,2.0,2.71
621,2025,Randy Wynne,CIN,1.2,7,10.8,5.4,2.0,5.4,0.286,0.143,0.143,0.167,1.2,0.0,1.0,10.34,4.39
622,2025,Luis Contreras,HOU,4.2,25,11.6,7.7,1.5,0.0,0.24,0.16,0.08,0.333,2.36,0.467,0.818,3.14,5.45
623,2025,Noah Davis,2 Tms,3.2,28,9.8,7.4,1.3,14.7,0.143,0.107,0.036,0.55,3.82,0.5,0.189,28.77,11.28
624,2025,Connor Thomas,MIL,2.1,13,3.9,3.9,1.0,3.9,0.077,0.077,0.0,0.545,3.0,0.5,0.714,9.14,5.55
625,2025,Hunter Brown,HOU,94.2,377,10.9,3.8,2.9,0.9,0.305,0.106,0.199,0.195,1.11,0.264,0.814,3.24,3.32
626,2025,Bryan King,HOU,17.2,79,8.2,2.5,3.2,1.5,0.203,0.063,0.139,0.306,1.53,0.352,0.84,4.55,4.18
627,2025,Yennier Cano,BAL,23.2,107,7.6,4.6,1.7,1.5,0.187,0.112,0.075,0.33,1.77,0.371,0.535,5.29,4.33
628,2025,Casey Legumina,SEA,23.0,101,9.0,5.5,1.6,1.6,0.228,0.139,0.089,0.23,1.48,0.267,0.634,5.22,4.97
629,2025,Josh Simpson,MIA,15.0,72,10.2,6.6,1.5,1.8,0.236,0.153,0.083,0.207,1.53,0.231,0.625,6.07,4.91
630,2025,Quinn Priester,MIL,70.0,303,7.5,3.9,1.9,0.9,0.191,0.099,0.092,0.249,1.39,0.293,0.776,4.19,4.28
631,2025,Seth Johnson,PHI,6.0,26,15.0,6.0,2.5,3.0,0.385,0.154,0.231,0.182,1.33,0.2,0.962,6.14,3.09
632,2025,Tyler Owens,DET,1.0,6,0.0,18.0,0.0,0.0,0.0,0.333,-0.333,0.25,3.0,0.25,0.667,9.14,10.68
633,2025,Anthony Maldonado,ATH,1.1,8,6.8,20.3,0.3,0.0,0.125,0.375,-0.25,0.2,3.0,0.25,1.0,8.39,13.01
634,2025,Sawyer Gipson-Long,DET,19.0,70,9.0,1.4,6.3,0.0,0.271,0.043,0.229,0.203,0.84,0.271,0.375,1.61,2.99
635,2025,Brandon Walter,HOU,10.1,39,5.2,0.9,6.0,0.9,0.154,0.026,0.128,0.162,0.68,0.167,0.758,3.81,4.05
636,2025,Easton Lucas,TOR,6.1,27,12.8,7.1,1.8,0.0,0.333,0.185,0.148,0.15,1.26,0.231,0.75,2.66,3.88
637,2025,Beau Brieske,DET,11.1,50,6.4,4.8,1.3,0.0,0.16,0.12,0.04,0.209,1.32,0.25,0.6,3.31,5.08
638,2025,Andre Pallante,STL,80.0,347,6.8,3.4,2.0,1.1,0.173,0.086,0.086,0.266,1.43,0.3,0.6,4.39,3.53
639,2025,Blas Castaño,SEA,3.0,16,3.0,6.0,0.5,3.0,0.063,0.125,-0.062,0.308,2.0,0.273,0.714,9.8,9.07
640,2025,Austin Pope,ARI,0.2,4,0.0,13.5,0.0,0.0,0.0,0.25,-0.25,0.333,3.0,0.333,1.0,7.64,7.64
641,2025,Jack Little,LAD,0.2,5,0.0,0.0,0.0,0.0,0.0,0.0,0.0,0.6,4.5,0.6,0.667,3.14,7.76
642,2025,Connor Gillispie,MIA,14.2,66,9.8,3.7,2.7,3.1,0.242,0.091,0.152,0.276,1.5,0.282,0.267,6.61,4.28
643,2025,Kade Strowd,BAL,9.2,37,12.1,1.9,6.5,0.0,0.351,0.054,0.297,0.176,0.83,0.273,0.5,1.07,2.02
644,2025,Andrew Saalfrank,ARI,8.0,36,5.6,7.9,0.7,0.0,0.139,0.194,-0.056,0.207,1.63,0.25,0.923,4.51,5.86
645,2025,Chris Murphy,BOS,12.2,54,9.2,5.0,1.9,0.7,0.241,0.13,0.111,0.196,1.26,0.25,0.962,4.0,3.83
646,2025,Jackson Rutledge,WSN,28.1,142,5.7,4.1,1.4,3.5,0.127,0.092,0.035,0.363,2.05,0.351,0.746,8.61,6.61
647,2025,Ryan Pepiot,TBR,82.2,318,9.7,3.6,2.7,1.1,0.28,0.104,0.176,0.175,0.99,0.212,0.757,3.82,3.93
648,2025,Tyler Holton,DET,37.0,139,8.3,1.5,5.7,1.0,0.245,0.043,0.201,0.186,0.81,0.211,0.779,3.19,2.95
649,2025,Orlando Ribalta,WSN,10.0,51,9.0,8.1,1.1,1.8,0.196,0.176,0.02,0.286,2.1,0.333,0.549,6.44,6.3
650,2025,Erik Miller,SFG,12.0,48,8.3,5.3,1.6,0.0,0.229,0.146,0.083,0.216,1.25,0.286,0.882,3.55,4.07
651,2025,Ryne Nelson,ARI,73.0,285,6.7,2.5,2.7,0.6,0.189,0.07,0.119,0.191,0.96,0.222,0.773,3.49,4.33
652,2025,Caleb Freeman,CHW,1.0,7,9.0,0.0,1.0,9.0,0.143,0.0,0.143,0.571,4.0,0.6,0.769,14.14,4.22
653,2025,Joey Estes,ATH,5.1,25,5.1,8.4,0.6,1.7,0.12,0.2,-0.08,0.2,1.69,0.188,0.921,7.26,7.42
654,2025,Hunter Bigge,TBR,6.2,25,8.1,2.7,3.0,1.4,0.24,0.08,0.16,0.174,0.9,0.188,1.0,4.19,4.55
655,2025,Drey Jameson,ARI,2.2,8,0.0,3.4,0.0,0.0,0.0,0.125,-0.125,0.286,1.13,0.286,0.667,4.26,5.42
656,2025,Tommy Henry,ARI,2.1,8,7.7,0.0,2.0,3.9,0.25,0.0,0.25,0.25,0.86,0.2,1.0,6.99,2.74
657,2025,Bryan Hoeing,SDP,4.1,15,4.2,2.1,2.0,0.0,0.133,0.067,0.067,0.143,0.69,0.167,1.0,2.9,3.97
658,2025,Taylor Rashi,ARI,8.2,31,10.4,2.1,5.0,0.0,0.323,0.065,0.258,0.138,0.69,0.211,0.167,1.52,2.59
659,2025,Marc Church,TEX,2.1,12,15.4,7.7,2.0,0.0,0.333,0.167,0.167,0.3,2.14,0.5,0.8,2.28,3.6
660,2025,Nick Lodolo,CIN,31.0,144,8.1,2.6,3.1,0.9,0.194,0.063,0.132,0.297,1.52,0.35,0.705,3.84,4.13
661,2025,Porter Hodge,CHC,13.2,61,10.5,5.3,2.0,2.0,0.262,0.131,0.131,0.226,1.46,0.265,0.823,5.4,4.24
662,2025,Bradley Blalock,COL,32.0,152,4.5,3.9,1.1,2.3,0.105,0.092,0.013,0.348,1.88,0.342,0.579,6.98,5.8
663,2025,Cody Laweryson,MIN,5.1,18,8.4,0.0,5.0,0.0,0.278,0.0,0.278,0.167,0.56,0.231,1.0,1.26,2.71
664,2025,Ryan Gusto,2 Tms,48.2,239,9.6,4.6,2.1,2.6,0.218,0.105,0.113,0.321,1.91,0.365,0.722,6.28,4.73
665,2025,Sam Aldegheri,LAA,5.0,25,9.0,9.0,1.0,1.8,0.2,0.2,0.0,0.3,2.2,0.357,0.625,6.74,5.99
666,2025,Trevor McDonald,SFG,5.0,24,7.2,3.6,2.0,0.0,0.167,0.083,0.083,0.333,1.8,0.389,0.667,2.74,3.35
667,2025,Alex Carrillo,NYM,2.0,8,13.5,0.0,3.0,4.5,0.375,0.0,0.375,0.143,0.5,0.0,1.0,8.14,3.95
668,2025,Jayden Murray,HOU,5.0,19,3.6,1.8,2.0,0.0,0.105,0.053,0.053,0.167,0.8,0.188,1.0,2.94,5.4
669,2025,Wikelman González,CHW,11.0,50,9.8,6.5,1.5,0.8,0.24,0.16,0.08,0.195,1.45,0.241,0.616,4.32,5.38
670,2025,Angel Chivilli,COL,23.2,108,5.7,3.8,1.5,1.9,0.139,0.093,0.046,0.271,1.52,0.276,0.645,6.14,5.28
671,2025,Edgardo Henriquez,LAD,6.1,24,9.9,1.4,7.0,2.8,0.292,0.042,0.25,0.227,0.95,0.214,1.0,5.5,4.32
672,2025,Anthony Molina,COL,15.1,77,5.3,2.9,1.8,4.7,0.117,0.065,0.052,0.4,2.15,0.364,0.688,9.72,4.95
673,2025,Juan Burgos,2 Tms,3.1,22,10.8,5.4,2.0,0.0,0.182,0.091,0.091,0.368,2.7,0.467,0.5,3.44,5.29
674,2025,Rolddy Muñoz,ATL,2.1,10,15.4,3.9,4.0,3.9,0.4,0.1,0.3,0.222,1.29,0.25,0.0,6.56,2.31
675,2025,Anthony Veneziano,2 Tms,15.0,67,9.6,2.4,4.0,1.8,0.239,0.06,0.179,0.288,1.4,0.333,0.904,4.8,3.64
676,2025,Garrett Crochet,BOS,41.2,151,9.9,0.9,11.5,0.6,0.305,0.026,0.278,0.166,0.67,0.216,0.847,2.22,2.32
677,2025,Reid Detmers,LAA,18.2,82,10.1,3.9,2.6,0.0,0.256,0.098,0.159,0.292,1.55,0.412,0.742,2.49,3.32
678,2025,Emerson Hancock,SEA,47.0,204,6.9,4.4,1.6,2.3,0.176,0.113,0.064,0.264,1.49,0.265,0.793,6.45,5.04
679,2025,Jared Shuster,CHW,6.0,29,3.0,1.5,2.0,0.0,0.069,0.034,0.034,0.308,1.5,0.32,0.5,3.47,5.78
680,2025,Cade Cavalli,WSN,31.0,124,7.8,2.3,3.4,1.2,0.218,0.065,0.153,0.221,1.06,0.25,0.704,3.94,3.36
681,2025,Max Meyer,MIA,35.0,143,9.8,2.3,4.2,1.3,0.266,0.063,0.203,0.237,1.14,0.289,0.706,3.68,3.19
682,2025,Bryce Jarvis,ARI,12.1,52,6.6,3.6,1.8,0.0,0.173,0.096,0.077,0.239,1.3,0.289,0.938,2.89,4.89
683,2025,Cole Wilcox,TBR,0.1,4,0.0,54.0,0.0,0.0,0.0,0.5,-0.5,0.5,9.0,0.5,0.333,21.14,25.76
684,2025,Bobby Miller,LAD,3.1,15,10.8,2.7,4.0,5.4,0.267,0.067,0.2,0.357,1.8,0.375,0.0,9.44,3.95
685,2025,Landon Knack,LAD,24.0,102,11.6,4.5,2.6,0.8,0.304,0.118,0.186,0.216,1.29,0.298,0.816,3.14,3.53
686,2025,Clayton Beeter,2 Tms,11.2,51,10.0,8.5,1.2,2.3,0.255,0.216,0.039,0.175,1.54,0.167,0.652,7.08,5.59
687,2025,Spencer Strider,ATL,65.0,287,8.4,4.2,2.0,1.5,0.213,0.105,0.108,0.27,1.49,0.311,0.751,5.07,4.72
688,2025,Slade Cecconi,CLE,68.0,274,8.1,2.5,3.2,1.7,0.223,0.069,0.153,0.221,1.1,0.238,0.792,4.66,3.88
689,2025,Carson Ragsdale,BAL,2.2,12,3.4,0.0,1.0,0.0,0.083,0.0,0.083,0.333,1.5,0.364,-0.25,2.39,5.85
690,2025,Jared Koenig,MIL,28.0,107,9.0,1.6,5.6,0.0,0.262,0.047,0.215,0.214,0.93,0.292,0.857,1.89,3.43
691,2025,Graham Ashcraft,CIN,30.2,126,8.5,3.2,2.6,0.6,0.23,0.087,0.143,0.23,1.21,0.286,0.439,3.17,2.97
692,2025,Cole Henry,WSN,20.2,98,10.0,6.1,1.6,1.7,0.235,0.143,0.092,0.218,1.5,0.255,0.764,6.33,5.9
693,2025,Carmen Mlodzinski,PIT,49.1,206,8.2,2.0,4.1,0.7,0.218,0.053,0.165,0.247,1.18,0.299,0.68,3.16,3.73
694,2025,Hayden Wesneski,HOU,13.0,54,6.9,2.8,2.5,1.4,0.185,0.074,0.111,0.224,1.15,0.237,0.902,4.52,4.42
695,2025,Davis Daniel,ATL,3.2,15,4.9,4.9,1.0,0.0,0.133,0.133,0.0,0.231,1.36,0.273,0.8,3.68,5.36
696,2025,Garrett Acton,TBR,0.2,4,0.0,27.0,0.0,0.0,0.0,0.5,-0.5,0.0,3.0,0.0,1.0,12.14,16.76
697,2025,Logan Allen,CLE,35.1,139,8.9,3.3,2.7,1.0,0.252,0.094,0.158,0.22,1.13,0.267,0.621,3.81,3.48
698,2025,Jake Eder,LAA,8.2,31,5.2,1.0,5.0,2.1,0.161,0.032,0.129,0.143,0.58,0.091,0.313,5.67,4.99
699,2025,Eric Orze,TBR,23.0,94,7.8,4.3,1.8,0.8,0.213,0.117,0.096,0.217,1.26,0.262,0.802,3.96,4.37
700,2025,Mitchell Parker,WSN,41.1,187,5.2,4.1,1.3,1.3,0.128,0.102,0.027,0.27,1.52,0.277,0.665,5.31,5.44
701,2025,Luis Ortiz,CLE,45.2,198,9.9,5.1,1.9,1.8,0.253,0.131,0.121,0.222,1.4,0.257,0.739,5.22,4.34
702,2025,Connor Phillips,CIN,9.1,41,13.5,6.8,2.0,1.9,0.341,0.171,0.171,0.182,1.39,0.235,0.714,5.49,4.03
703,2025,Christian Roa,MIA,1.2,6,0.0,5.4,0.0,0.0,0.0,0.167,-0.167,0.2,1.2,0.2,1.0,4.94,6.79
704,2025,Brandon Eisert,CHW,32.0,140,8.7,1.7,5.2,1.4,0.221,0.043,0.179,0.283,1.31,0.333,0.775,4.26,4.25
705,2025,Tanner Gordon,COL,40.2,178,8.0,2.4,3.3,2.2,0.202,0.062,0.14,0.277,1.4,0.3,0.614,5.45,4.52
706,2025,Carson Spiers,CIN,5.1,31,3.4,10.1,0.3,0.0,0.065,0.194,-0.129,0.333,2.63,0.364,0.733,6.32,8.64
707,2025,Jack Kochanowicz,LAA,68.0,305,5.8,4.6,1.3,2.3,0.144,0.115,0.03,0.309,1.72,0.314,0.63,6.72,5.04
708,2025,Louis Varland,2 Tms,33.2,132,7.8,1.6,4.8,1.1,0.22,0.045,0.174,0.254,1.1,0.293,0.679,3.58,3.18
709,2025,Justin Sterner,ATH,28.0,108,8.7,2.9,3.0,1.3,0.25,0.083,0.167,0.14,0.79,0.141,0.588,4.46,4.69
710,2025,Brian Van Belle,TBR,4.0,19,4.5,0.0,2.0,2.3,0.105,0.0,0.105,0.421,2.0,0.438,0.606,5.39,4.45
711,2025,Brent Headrick,NYY,10.0,40,10.8,1.8,6.0,3.6,0.3,0.05,0.25,0.243,1.1,0.238,0.938,6.84,3.95
712,2025,Mitch Spence,ATH,37.2,173,8.1,2.6,3.1,1.9,0.197,0.064,0.133,0.311,1.62,0.353,0.669,5.05,3.68
713,2025,Bailey Horn,DET,5.1,26,6.8,6.8,1.0,1.7,0.154,0.154,0.0,0.364,2.25,0.412,0.943,6.32,4.75
714,2025,Mick Abel,2 Tms,21.0,97,10.7,3.9,2.8,3.0,0.258,0.093,0.165,0.284,1.62,0.321,0.702,6.37,3.95
715,2025,Kyle Harrison,2 Tms,11.2,47,7.7,0.0,10.0,2.3,0.213,0.0,0.213,0.234,0.94,0.235,0.294,4.76,3.27
716,2025,Yosver Zulueta,CIN,4.0,14,4.5,0.0,2.0,2.3,0.143,0.0,0.143,0.154,0.5,0.091,0.0,5.39,4.83
717,2025,Eury Pérez,MIA,54.2,218,9.9,3.1,3.2,1.2,0.275,0.087,0.188,0.188,1.02,0.229,0.572,3.7,4.18
718,2025,Kyle Nicolas,PIT,15.1,70,10.0,6.5,1.5,0.0,0.243,0.157,0.086,0.211,1.5,0.3,0.72,3.46,5.17
719,2025,Bryce Elder,ATL,79.1,335,7.6,3.6,2.1,1.1,0.2,0.096,0.104,0.239,1.3,0.272,0.758,4.37,4.23
720,2025,Brandon Pfaadt,ARI,95.0,416,7.0,2.1,3.4,1.3,0.178,0.053,0.125,0.268,1.29,0.295,0.673,4.54,4.31
721,2025,Zach Brzykcy,WSN,11.1,52,11.1,7.1,1.6,1.6,0.269,0.173,0.096,0.233,1.68,0.296,0.679,5.34,4.82
722,2025,Will Klein,LAD,10.2,40,11.8,2.5,4.7,0.0,0.35,0.075,0.275,0.171,0.84,0.273,0.8,1.64,2.36
723,2025,Dugan Darnell,COL,6.0,20,4.5,3.0,1.5,0.0,0.15,0.1,0.05,0.056,0.5,0.067,0.667,3.14,5.19
724,2025,Brandon Young,BAL,30.0,144,6.9,4.8,1.4,1.8,0.16,0.111,0.049,0.315,1.87,0.343,0.777,5.8,5.05
725,2025,Cade Smith,CLE,37.1,142,13.7,2.2,6.3,0.7,0.401,0.063,0.338,0.159,0.8,0.247,0.465,1.85,2.08
726,2025,J.T. Ginn,ATH,38.0,185,8.1,4.5,1.8,2.4,0.184,0.103,0.081,0.34,1.95,0.378,0.762,6.5,4.62
727,2025,Noah Murdock,ATH,5.2,31,11.1,11.1,1.0,0.0,0.226,0.226,0.0,0.318,2.47,0.438,0.6,4.9,6.53
728,2025,Daniel Palencia,CHC,23.0,106,11.3,5.5,2.1,1.6,0.274,0.132,0.142,0.242,1.57,0.305,0.757,4.7,4.32
729,2025,Ian Seymour,TBR,21.0,79,9.4,2.1,4.4,1.3,0.278,0.063,0.215,0.178,0.86,0.208,0.608,3.75,3.88
730,2025,Andry Lara,WSN,6.1,30,8.5,7.1,1.2,0.0,0.2,0.167,0.033,0.28,1.89,0.368,0.583,3.61,4.1
731,2025,Cristian Mena,ARI,4.0,14,13.5,2.3,6.0,0.0,0.429,0.071,0.357,0.077,0.5,0.143,1.0,0.89,0.89
732,2025,Jose Corniell,TEX,1.2,9,5.4,5.4,1.0,5.4,0.111,0.111,0.0,0.375,2.4,0.333,0.0,11.54,7.44
733,2025,Javier Sanoja,MIA,2.1,19,3.9,7.7,0.5,0.0,0.053,0.105,-0.053,0.588,5.14,0.625,0.75,4.85,8.81
734,2025,Bradgley Rodriguez,SDP,3.1,11,13.5,2.7,5.0,0.0,0.455,0.091,0.364,0.0,0.3,0.0,1.0,1.04,2.89
735,2025,Yilber Díaz,ARI,2.1,7,0.0,0.0,0.0,0.0,0.0,0.0,0.0,0.143,0.43,0.143,0.0,3.14,5.12
736,2025,Gordon Graceffo,STL,20.0,82,8.1,1.8,4.5,0.0,0.22,0.049,0.171,0.263,1.2,0.333,0.375,1.94,3.71
737,2025,Ryan Loutos,2 Tms,4.2,29,9.6,7.7,1.3,1.9,0.172,0.138,0.034,0.333,2.57,0.389,0.259,6.99,6.52
738,2025,Fraser Ellard,CHW,7.1,35,12.3,14.7,0.8,0.0,0.286,0.343,-0.057,0.13,2.05,0.231,0.867,5.32,5.95
739,2025,Andre Granillo,STL,7.2,37,9.4,2.3,4.0,0.0,0.216,0.054,0.162,0.375,1.83,0.444,0.5,1.83,4.24
740,2025,Patrick Monteverde,MIA,1.1,9,13.5,0.0,2.0,0.0,0.222,0.0,0.222,0.556,3.75,0.714,0.4,0.14,3.6
741,2025,Chase Lee,DET,16.1,63,7.7,2.8,2.8,0.6,0.222,0.079,0.143,0.193,0.98,0.233,0.685,3.14,3.94
742,2025,Joe Boyle,TBR,27.1,120,10.5,4.9,2.1,1.0,0.267,0.125,0.142,0.219,1.39,0.286,0.503,3.87,4.19
743,2025,Kyle Backhus,ARI,11.0,41,8.2,3.3,2.5,0.8,0.244,0.098,0.146,0.139,0.82,0.154,0.789,3.59,4.09
744,2025,Alek Jacob,SDP,13.1,57,3.4,2.7,1.3,1.4,0.088,0.07,0.018,0.275,1.35,0.261,0.526,5.24,5.48
745,2025,Matt Svanson,STL,23.2,94,11.0,4.6,2.4,0.0,0.309,0.128,0.181,0.117,0.89,0.18,0.875,2.59,3.89
746,2025,Andrew Hoffmann,2 Tms,5.1,24,5.1,8.4,0.6,1.7,0.125,0.208,-0.083,0.211,1.69,0.2,0.789,7.26,7.42
747,2025,Sam Bachman,LAA,8.1,41,8.6,8.6,1.0,1.1,0.195,0.195,0.0,0.273,2.04,0.333,0.641,5.66,5.95
748,2025,Mason Montgomery,TBR,18.1,79,11.8,5.4,2.2,0.5,0.304,0.139,0.165,0.194,1.31,0.279,0.487,3.03,3.66
749,2025,Robert Gasser,MIL,2.1,9,3.9,7.7,0.5,0.0,0.111,0.222,-0.111,0.0,0.86,0.0,0.5,4.85,8.15
750,2025,Bryce Miller,SEA,39.1,171,6.9,4.1,1.7,2.3,0.175,0.105,0.07,0.258,1.45,0.257,0.791,6.29,5.02
751,2025,Emmet Sheehan,LAD,28.0,111,10.9,4.2,2.6,1.0,0.306,0.117,0.189,0.165,1.04,0.217,0.814,3.6,4.08
752,2025,Ryan Bergert,2 Tms,42.1,184,8.5,4.5,1.9,0.9,0.217,0.114,0.103,0.222,1.35,0.269,0.72,3.96,5.1
753,2025,Chayce McDermott,BAL,4.2,24,9.6,11.6,0.8,5.8,0.208,0.25,-0.042,0.278,2.36,0.2,0.588,13.21,6.83
754,2025,Bubba Chandler,PIT,17.0,61,8.5,1.1,8.0,0.5,0.262,0.033,0.23,0.169,0.71,0.214,0.377,2.37,3.06
755,2025,Michael McGreevy,STL,40.0,190,6.1,3.2,1.9,2.0,0.142,0.074,0.068,0.318,1.73,0.331,0.732,5.84,5.26
756,2025,Sean Burke,CHW,67.1,300,9.8,5.3,1.8,1.6,0.243,0.133,0.11,0.238,1.5,0.282,0.775,5.11,4.65
757,2025,Andrew Abbott,CIN,42.0,174,8.6,1.9,4.4,0.4,0.23,0.052,0.178,0.236,1.12,0.295,0.796,2.56,4.11
758,2025,Andrew Alvarez,WSN,3.1,15,10.8,0.0,4.0,0.0,0.267,0.0,0.267,0.286,1.2,0.4,0.8,1.64,2.1
759,2025,Spencer Arrighetti,HOU,17.0,81,8.5,5.8,1.5,1.6,0.198,0.136,0.062,0.265,1.71,0.3,0.775,5.66,5.18
760,2025,Dylan Dodd,ATL,11.2,52,5.4,3.1,1.8,2.3,0.135,0.077,0.058,0.319,1.63,0.316,0.676,6.31,4.29
761,2025,Jordan Leasure,CHW,24.2,108,11.7,5.1,2.3,2.9,0.296,0.13,0.167,0.223,1.42,0.241,0.966,6.46,4.56
762,2025,AJ Smith-Shawver,ATL,27.1,108,8.6,3.0,2.9,1.0,0.241,0.083,0.157,0.212,1.1,0.257,0.581,3.65,3.91
763,2025,Grant Holman,ATH,10.0,43,6.3,3.6,1.8,0.9,0.163,0.093,0.07,0.256,1.4,0.29,1.0,4.24,4.79
764,2025,McCade Brown,COL,10.1,63,7.8,9.6,0.8,2.6,0.143,0.175,-0.032,0.362,2.71,0.4,0.868,9.81,8.72
765,2025,Joe Rock,TBR,3.1,17,13.5,2.7,5.0,0.0,0.294,0.059,0.235,0.286,1.5,0.444,1.0,2.84,3.76
766,2025,Cade Povich,BAL,26.2,116,10.8,3.4,3.2,1.4,0.276,0.086,0.19,0.288,1.5,0.371,0.64,3.81,3.42
767,2025,David Festa,MIN,27.0,114,9.0,3.3,2.7,1.0,0.237,0.088,0.149,0.218,1.19,0.264,0.503,3.91,4.52
768,2025,Chase Silseth,LAA,2.2,18,10.1,13.5,0.8,3.4,0.167,0.222,-0.056,0.385,3.38,0.444,0.93,11.39,8.24
769,2025,Landen Roupp,SFG,57.1,257,7.5,4.7,1.6,0.8,0.187,0.117,0.07,0.261,1.53,0.308,0.747,4.27,4.64
770,2025,Carson Seymour,SFG,17.0,76,5.3,3.2,1.7,1.6,0.132,0.079,0.053,0.304,1.59,0.316,0.746,5.31,4.74
771,2025,Ben Casparius,LAD,31.0,137,8.7,3.5,2.5,0.6,0.219,0.088,0.131,0.266,1.45,0.337,0.833,3.3,4.25
772,2025,Jordan Wicks,CHC,4.2,25,3.9,0.0,2.0,1.9,0.08,0.0,0.08,0.44,2.36,0.455,0.729,5.06,5.25
773,2025,Mike Vasil,CHW,49.1,205,7.1,4.6,1.6,0.9,0.19,0.122,0.068,0.205,1.24,0.235,0.862,4.64,4.57
774,2025,Chad Patrick,MIL,53.2,237,9.4,3.7,2.5,0.5,0.236,0.093,0.143,0.267,1.45,0.346,0.82,3.17,4.37
775,2025,Robert Suarez,SDP,32.1,137,9.5,3.6,2.6,0.6,0.248,0.095,0.153,0.23,1.27,0.299,0.689,3.14,4.0
776,2025,Gavin Williams,CLE,90.1,363,9.3,4.8,1.9,1.3,0.256,0.132,0.124,0.163,1.1,0.182,0.842,4.54,4.19
777,2025,Brant Hurter,DET,26.1,117,9.2,4.1,2.3,0.0,0.231,0.103,0.128,0.2,1.18,0.271,0.769,3.36,4.07
778,2025,Tanner Bibee,CLE,99.2,413,8.0,3.0,2.7,1.3,0.215,0.08,0.136,0.237,1.21,0.272,0.733,4.32,4.33
779,2025,Doug Nikhazy,CLE,1.0,7,18.0,9.0,2.0,0.0,0.286,0.143,0.143,0.5,4.0,0.75,0.0,2.14,5.22
780,2025,Dylan Smith,DET,6.0,18,1.5,0.0,1.0,0.0,0.056,0.0,0.056,0.059,0.17,0.063,1.0,3.3,4.59
781,2025,Jack Leiter,TEX,80.0,327,8.9,3.9,2.3,1.1,0.242,0.107,0.135,0.183,1.1,0.213,0.76,4.14,4.34
782,2025,Dom Hamel,NYM,0.2,2,0.0,0.0,0.0,0.0,0.0,0.0,0.0,0.5,1.5,0.5,1.0,3.14,5.45
783,2025,Richard Fitts,BOS,18.0,82,8.0,6.0,1.3,2.0,0.195,0.146,0.049,0.254,1.61,0.26,0.812,6.25,4.73
784,2025,Carlos Rodriguez,MIL,4.1,22,12.5,6.2,2.0,0.0,0.273,0.136,0.136,0.316,2.08,0.462,0.556,2.44,5.29
785,2025,Chase Petty,CIN,3.0,13,12.0,6.0,2.0,0.0,0.308,0.154,0.154,0.182,1.33,0.286,0.5,2.47,5.04
786,2025,Mason Black,SFG,1.2,7,16.2,0.0,3.0,5.4,0.429,0.0,0.429,0.286,1.2,0.333,-1.667,7.34,2.31
787,2025,Pierson Ohl,MIN,17.1,75,6.2,1.6,4.0,1.0,0.16,0.04,0.12,0.264,1.27,0.293,0.729,3.77,4.32
788,2025,Travis Adams,MIN,17.2,90,8.7,5.6,1.5,1.5,0.189,0.122,0.067,0.36,2.15,0.421,0.698,5.63,5.86
789,2025,Will Warren,NYY,85.2,396,8.3,4.9,1.7,1.3,0.199,0.119,0.081,0.266,1.61,0.306,0.751,4.76,4.66
790,2025,Noah Cameron,KCR,35.0,135,6.9,2.3,3.0,1.3,0.2,0.067,0.133,0.161,0.83,0.161,0.783,4.31,4.26
791,2025,Jackson Jobe,DET,25.1,104,6.8,3.9,1.7,1.4,0.183,0.106,0.077,0.2,1.14,0.2,0.769,4.99,5.01
792,2025,Christian Montes De Oca,ARI,1.1,4,6.8,0.0,1.0,0.0,0.25,0.0,0.25,0.0,0.0,0.0,1.0,1.64,3.95
793,2025,Spencer Bivens,SFG,38.1,165,5.9,3.8,1.6,0.7,0.152,0.097,0.055,0.274,1.46,0.308,0.625,4.18,4.77
794,2025,Hunter Dobbins,BOS,28.2,124,6.3,2.5,2.5,0.9,0.161,0.065,0.097,0.267,1.36,0.301,0.747,3.94,4.19
795,2025,Jack Dreyer,LAD,26.1,107,7.9,3.8,2.1,0.3,0.215,0.103,0.112,0.181,1.06,0.222,0.789,3.14,4.51
796,2025,Jaden Hill,COL,12.2,61,9.2,5.0,1.9,0.7,0.213,0.115,0.098,0.28,1.66,0.342,0.741,4.24,4.8
797,2025,Bryan Woo,SEA,93.2,371,8.6,2.3,3.7,1.2,0.24,0.065,0.175,0.197,0.97,0.226,0.816,3.77,4.06
798,2025,Didier Fuentes,ATL,6.1,30,4.3,4.3,1.0,4.3,0.1,0.1,0.0,0.37,2.05,0.333,0.455,9.77,6.29
799,2025,Luis Guerrero,BOS,6.0,29,3.0,9.0,0.3,0.0,0.069,0.207,-0.138,0.273,2.0,0.286,0.583,5.47,6.75
800,2025,Justin Wrobleski,LAD,20.2,81,9.6,1.7,5.5,1.3,0.272,0.049,0.222,0.194,0.87,0.22,0.38,3.76,2.47
801,2025,Chris Roycroft,STL,7.0,37,9.0,6.4,1.4,0.0,0.189,0.135,0.054,0.333,2.14,0.417,0.563,3.71,5.25
802,2025,Colton Gordon,HOU,17.0,78,10.1,2.6,3.8,1.1,0.244,0.064,0.179,0.288,1.53,0.365,0.819,3.31,3.14
803,2025,Gunnar Hoglund,ATH,18.0,70,7.0,2.0,3.5,2.0,0.2,0.057,0.143,0.258,1.17,0.271,0.649,5.14,4.3
804,2025,Ben Joyce,LAA,3.0,13,3.0,3.0,1.0,0.0,0.077,0.077,0.0,0.25,1.33,0.273,0.75,3.47,5.52
805,2025,Jack Perkins,ATH,20.0,83,9.9,3.2,3.1,0.9,0.265,0.084,0.181,0.205,1.1,0.26,0.566,3.59,3.83
806,2025,Logan Henderson,MIL,15.0,60,10.8,3.6,3.0,1.8,0.3,0.1,0.2,0.167,1.0,0.182,1.0,4.54,3.99
807,2025,Michael Darrell-Hicks,2 Tms,4.0,14,13.5,0.0,6.0,2.3,0.429,0.0,0.429,0.143,0.5,0.143,-1.667,3.39,1.29
808,2025,Caden Dana,LAA,15.0,66,12.0,6.0,2.0,2.4,0.303,0.152,0.152,0.231,1.47,0.25,0.61,5.94,3.91
809,2025,Victor Mederos,LAA,9.1,45,7.7,7.7,1.0,3.9,0.178,0.178,0.0,0.278,1.93,0.25,0.597,9.89,6.79
810,2025,Zach Agnos,COL,14.0,67,7.1,5.8,1.2,1.3,0.164,0.134,0.03,0.293,1.86,0.333,0.56,5.35,5.58
811,2025,Mason Fluharty,TOR,25.0,102,12.2,4.0,3.1,0.7,0.333,0.108,0.225,0.182,1.08,0.259,0.675,2.9,3.21
812,2025,Paul Gervase,2 Tms,3.0,16,9.0,9.0,1.0,9.0,0.188,0.188,0.0,0.308,2.33,0.143,1.0,17.14,8.25
813,2025,Zach Maxwell,CIN,4.0,15,15.8,2.3,7.0,0.0,0.467,0.067,0.4,0.143,0.75,0.286,1.0,0.39,1.16
814,2025,Carson Palmquist,COL,8.1,47,13.0,7.6,1.7,3.2,0.255,0.149,0.106,0.368,2.52,0.458,0.787,7.82,5.17
815,2025,David Morgan,SDP,15.2,74,7.5,8.0,0.9,0.0,0.176,0.189,-0.014,0.224,1.72,0.289,0.724,4.54,5.82
816,2025,Jacob Misiorowski,MIL,32.2,140,14.9,4.7,3.2,1.7,0.386,0.121,0.264,0.221,1.35,0.339,0.656,3.87,2.95
817,2025,Hayden Birdsong,SFG,30.1,146,9.8,6.2,1.6,2.1,0.226,0.144,0.082,0.281,1.81,0.321,0.649,6.14,5.32
818,2025,Carson Whisenhunt,SFG,8.2,32,8.3,0.0,8.0,1.0,0.25,0.0,0.25,0.194,0.69,0.227,0.893,3.14,2.88
819,2025,Shane Smith,CHW,79.1,338,8.8,3.6,2.4,1.5,0.231,0.095,0.136,0.225,1.26,0.261,0.769,4.66,4.43
820,2025,Blade Tidwell,NYM,6.1,31,5.7,7.1,0.8,2.8,0.129,0.161,-0.032,0.32,2.05,0.3,0.49,8.35,7.16
821,2025,Jonathan Cannon,CHW,51.0,238,8.6,4.1,2.1,1.8,0.206,0.097,0.109,0.295,1.67,0.338,0.712,5.23,4.74
822,2025,Mason Barnett,ATH,9.0,42,5.0,5.0,1.0,0.0,0.119,0.119,0.0,0.243,1.56,0.281,0.714,3.69,5.06
823,2025,Garrett McDaniels,LAA,4.0,19,9.0,9.0,1.0,0.0,0.211,0.211,0.0,0.267,2.0,0.364,1.0,4.14,4.14
824,2025,Mason Miller,2 Tms,24.2,102,14.2,6.6,2.2,1.5,0.382,0.176,0.206,0.163,1.26,0.225,0.833,4.39,3.53
825,2025,AJ Blubaugh,HOU,15.1,59,11.2,2.9,3.8,1.8,0.322,0.085,0.237,0.132,0.78,0.125,0.897,4.18,3.95
826,2025,Orion Kerkering,PHI,23.1,108,9.6,5.0,1.9,1.2,0.231,0.12,0.111,0.253,1.54,0.303,0.671,4.46,4.64
827,2025,Troy Melton,DET,24.2,96,5.1,3.6,1.4,1.5,0.146,0.104,0.042,0.2,1.09,0.191,0.701,5.32,4.9
828,2025,Cade Gibson,MIA,25.0,112,6.1,4.7,1.3,1.1,0.152,0.116,0.036,0.229,1.4,0.247,0.884,5.14,5.24
829,2025,Zebby Matthews,MIN,37.2,176,10.8,3.3,3.2,2.2,0.256,0.08,0.176,0.316,1.7,0.38,0.623,4.97,3.99
830,2025,Kodai Senga,NYM,59.2,264,8.9,5.4,1.6,1.1,0.223,0.136,0.087,0.237,1.49,0.286,0.823,4.54,4.49
831,2025,Kumar Rocker,TEX,33.1,158,6.8,4.1,1.7,1.6,0.158,0.095,0.063,0.319,1.77,0.345,0.646,5.51,4.88
832,2025,Spencer Schwellenbach,ATL,58.2,236,7.1,2.1,3.3,1.7,0.195,0.059,0.136,0.225,1.07,0.232,0.72,4.77,3.83
833,2025,Cade Horton,CHC,60.2,248,6.8,2.5,2.7,0.7,0.185,0.069,0.117,0.251,1.22,0.291,0.809,3.58,4.06
834,2025,Troy Taylor,SEA,3.0,17,3.0,3.0,1.0,3.0,0.059,0.059,0.0,0.5,2.67,0.429,0.909,7.8,7.07
835,2025,Logan VanWey,HOU,4.1,21,4.2,0.0,2.0,0.0,0.095,0.0,0.095,0.381,1.85,0.421,0.625,2.21,3.99
836,2025,Adam Mazur,MIA,17.1,80,4.7,3.6,1.3,2.1,0.113,0.088,0.025,0.278,1.56,0.271,0.536,6.48,5.7
837,2025,Brad Lord,WSN,61.1,271,9.5,4.0,2.4,1.9,0.24,0.1,0.14,0.27,1.5,0.315,0.722,5.14,3.97
838,2025,Parker Messick,CLE,11.2,44,6.9,0.8,9.0,0.8,0.205,0.023,0.182,0.256,1.03,0.303,1.0,2.96,3.3
839,2025,Thomas Harrington,PIT,2.1,17,19.3,7.7,2.5,3.9,0.294,0.118,0.176,0.571,4.29,0.778,0.349,6.99,4.06
840,2025,Drew Sommers,DET,2.0,10,9.0,0.0,2.0,4.5,0.2,0.0,0.2,0.4,2.0,0.429,0.0,7.64,3.45
841,2025,Cam Schlittler,NYY,43.0,179,10.9,4.4,2.5,0.8,0.291,0.117,0.173,0.222,1.3,0.304,0.873,3.39,3.51
842,2025,Jonah Tong,NYM,9.1,41,9.6,3.9,2.5,0.0,0.244,0.098,0.146,0.25,1.39,0.333,0.462,2.28,3.43
843,2025,Luis Morales,ATH,24.1,100,7.4,3.0,2.5,0.7,0.2,0.08,0.12,0.222,1.15,0.261,0.763,3.67,4.37
844,2025,Hunter Barco,PIT,0.2,3,0.0,0.0,0.0,0.0,0.0,0.0,0.0,0.333,1.5,0.333,1.0,3.14,7.76
845,2025,Craig Yoho,MIL,2.2,16,6.7,16.9,0.4,0.0,0.125,0.313,-0.187,0.333,3.0,0.375,0.778,8.39,10.12
846,2025,Seth Halvorsen,COL,20.2,88,5.2,4.8,1.1,2.2,0.136,0.125,0.011,0.263,1.5,0.25,0.667,6.72,5.29
847,2025,Chase Dollander,COL,51.2,240,6.4,5.2,1.2,2.1,0.154,0.125,0.029,0.283,1.7,0.289,0.656,6.58,5.77
848,2025,Hurston Waldrep,ATL,30.1,127,9.5,3.9,2.5,0.6,0.252,0.102,0.15,0.248,1.35,0.329,0.816,3.27,3.38
849,2025,Brandyn Garcia,2 Tms,5.2,27,7.9,4.8,1.7,0.0,0.185,0.111,0.074,0.292,1.76,0.368,0.5,2.96,4.32
850,2025,Mitch Farris,LAA,8.1,34,10.8,2.2,5.0,3.2,0.294,0.059,0.235,0.258,1.2,0.263,0.345,6.14,3.49
851,2025,Connelly Early,BOS,5.2,22,20.6,1.6,13.0,0.0,0.591,0.045,0.545,0.15,0.71,0.429,0.8,-0.39,0.42
852,2025,Paul Skenes,PIT,98.2,394,11.3,2.6,4.4,0.6,0.315,0.071,0.244,0.21,1.05,0.297,0.813,2.49,2.92
853,2025,Logan Evans,SEA,40.1,174,5.6,3.3,1.7,1.3,0.144,0.086,0.057,0.265,1.39,0.278,0.766,5.09,5.34
854,2025,Nolan McLean,NYM,26.0,104,11.4,4.5,2.5,0.0,0.317,0.125,0.192,0.178,1.12,0.281,0.867,2.21,2.98
855,2025,Philip Abner,ARI,2.2,11,16.9,3.4,5.0,0.0,0.455,0.091,0.364,0.3,1.5,0.6,0.75,0.51,1.67
856,2025,Yoshinobu Yamamoto,LAD,87.1,331,9.9,2.4,4.2,0.4,0.29,0.069,0.221,0.174,0.87,0.238,0.829,2.39,2.84
857,2025,Yuki Matsui,SDP,25.0,114,9.7,5.0,1.9,2.2,0.237,0.123,0.114,0.263,1.6,0.299,0.854,5.78,4.88
858,2025,Shota Imanaga,CHC,35.0,145,8.7,2.6,3.4,1.0,0.234,0.069,0.166,0.218,1.11,0.26,0.727,3.62,4.34
859,2025,Yariel Rodríguez,TOR,25.2,122,5.6,8.1,0.7,1.1,0.131,0.189,-0.057,0.229,1.75,0.247,0.799,6.45,6.31
860,2025,Brandon Sproat,NYM,10.1,42,7.8,0.9,9.0,0.0,0.214,0.024,0.19,0.282,1.16,0.367,0.643,2.26,3.16
861,2025,José Fermin,LAA,15.1,69,10.0,7.0,1.4,3.5,0.246,0.174,0.072,0.193,1.5,0.147,0.616,8.35,5.68
862,2025,Grant Taylor,CHW,21.0,89,12.4,5.1,2.4,0.0,0.326,0.135,0.191,0.227,1.38,0.354,0.586,2.09,2.97
863,2025,Tomoyuki Sugano,BAL,84.1,359,5.9,2.1,2.8,2.1,0.153,0.056,0.097,0.273,1.32,0.273,0.828,5.77,4.66
864,2025,Roki Sasaki,LAD,18.2,85,7.2,7.2,1.0,1.9,0.176,0.176,0.0,0.203,1.55,0.2,0.902,6.89,6.49
865,2025,Shinnosuke Ogasawara,WSN,17.0,74,7.4,4.2,1.8,2.1,0.189,0.108,0.081,0.258,1.41,0.255,0.722,6.14,4.98
866,2025,Ryan Johnson,LAA,4.2,25,3.9,3.9,1.0,5.8,0.08,0.08,0.0,0.455,2.57,0.389,0.385,11.92,6.87
867,2025,Chase Burns,CIN,21.0,98,14.6,5.1,2.8,1.7,0.347,0.122,0.224,0.259,1.62,0.375,0.704,4.09,3.3
868,2025,Trey Yesavage,TOR,9.0,35,11.0,4.0,2.8,0.0,0.314,0.114,0.2,0.161,1.0,0.25,0.778,2.02,3.05
869,2025,Payton Tolle,BOS,3.0,15,9.0,6.0,1.5,3.0,0.2,0.133,0.067,0.308,2.0,0.333,0.87,7.47,4.16
