#,Season,Name,Tm,G,TBF,ERA,H,2B,3B,R,ER,HR,BB,IBB,HBP,SO,AVG,OBP,SLG,wOBA
1,2025,Adam Ottavino,NYY,3,6,0,0,0,0,0,0,0,2,0,0,2,0,0.333,0,0.23
2,2025,Tucker Barnhart,TEX,1,5,0,2,0,0,0,0,0,0,0,0,0,0.4,0.4,0.4,0.353
3,2025,Clayton Kershaw,LAD,23,369,3.45,79,17,1,38,35,7,28,0,1,68,0.237,0.294,0.356,0.286
4,2025,Kenley Jansen,LAA,59,110,2.08,14,2,0,8,7,3,3,0,1,33,0.132,0.164,0.236,0.176
5,2025,Gary Sánchez,BAL,1,5,108,2,1,0,4,4,1,1,0,1,0,0.667,0.8,2,0.941
6,2025,Max Scherzer,TOR,17,158,5.3,39,6,0,22,22,6,10,0,2,44,0.269,0.323,0.434,0.329
7,2025,Jacob Stallings,COL,1,2,0,0,0,0,0,0,0,0,0,0,1,0,0,0,0
8,2025,T.J. McFarland,ATH,18,44,9.31,15,1,2,10,10,2,2,0,0,2,0.366,0.386,0.634,0.425
9,2025,Travis Jankowski,NYM,1,4,13.5,2,0,0,1,1,0,1,0,0,0,0.667,0.75,0.667,0.614
10,2025,Liam Hendriks,BOS,14,35,4.15,6,0,0,4,4,1,6,0,0,8,0.207,0.343,0.31,0.303
11,2025,Kyle Farmer,COL,1,3,9,1,0,0,1,1,1,0,0,0,0,0.333,0.333,1.333,0.679
12,2025,Justin Wilson,BOS,52,111,4.07,30,7,0,15,11,2,11,3,1,32,0.306,0.382,0.439,0.352
13,2025,Amed Rosario,WSN,1,7,81,4,0,0,3,3,1,2,0,0,0,0.8,0.857,1.4,0.867
14,2025,Charlie Morton,3 Tms,33,310,6.58,80,15,0,50,49,13,29,0,3,64,0.289,0.362,0.484,0.367
15,2025,Reese McGuire,CHC,1,4,13.5,1,0,0,1,1,1,1,0,0,0,0.333,0.5,1.333,0.682
16,2025,Rich Hill,KCR,2,32,6,8,0,0,6,4,2,6,0,0,2,0.308,0.438,0.538,0.422
17,2025,Rowdy Tellez,TEX,1,8,20.25,4,0,0,3,3,1,0,0,1,0,0.571,0.625,1,0.676
18,2025,Jesse Chavez,ATL,4,26,9,7,3,0,6,6,2,1,0,0,5,0.28,0.308,0.64,0.396
19,2025,Tyler Wade,SDP,1,3,13.5,1,0,0,1,1,0,0,0,0,0,0.333,0.333,0.333,0.294
20,2025,Ryan Brasier,CHC,27,66,3.12,16,4,0,6,6,1,3,0,0,10,0.262,0.288,0.377,0.285
21,2025,Luis Torrens,NYM,1,3,54,2,0,0,2,2,1,0,0,0,0,0.667,0.667,1.667,0.973
22,2025,Huascar Brazobán,NYM,52,152,2.97,26,2,0,16,13,2,9,1,4,39,0.194,0.26,0.254,0.231
23,2025,Austin Slater,NYY,1,2,0,1,0,0,0,0,0,0,0,0,0,0.5,0.5,0.5,0.441
24,2025,Albert Suárez,BAL,5,25,3.86,5,1,1,3,3,0,1,0,0,7,0.217,0.24,0.348,0.247
25,2025,Pablo Reyes,NYY,1,4,0,2,1,0,0,0,0,0,0,0,0,0.5,0.5,0.75,0.534
26,2025,Robert Stock,BOS,2,6,13.5,2,0,0,2,2,1,0,0,0,1,0.333,0.333,0.833,0.487
27,2025,Isiah Kiner-Falefa,TOR,1,1,0,0,0,0,0,0,0,0,0,0,0,0,0,0,0
28,2025,Carlos Carrasco,2 Tms,11,86,6.75,24,9,1,14,14,5,6,0,0,18,0.3,0.349,0.625,0.408
29,2025,Jeff Brigham,ARI,2,2,0,1,0,0,0,0,0,0,0,0,0,0.5,0.5,0.5,0.441
30,2025,Craig Kimbrel,2 Tms,14,29,0,5,0,0,0,0,0,3,0,0,11,0.192,0.276,0.192,0.224
31,2025,Willi Castro,MIN,1,3,0,0,0,0,0,0,0,0,0,0,0,0,0,0,0
32,2025,Martín Pérez,CHW,11,171,3.86,32,7,1,18,17,5,20,0,2,30,0.218,0.316,0.381,0.307
33,2025,Garrett Hampson,STL,1,2,0,0,0,0,0,0,0,0,0,0,0,0,0,0,0
34,2025,Luis García,3 Tms,57,132,3.19,33,11,2,13,11,2,12,0,0,28,0.282,0.346,0.462,0.348
35,2025,Nicky Lopez,LAA,1,2,0,0,0,0,0,0,0,1,0,0,0,0,0.5,0,0.346
36,2025,Ryan Pressly,CHC,41,88,6.52,22,5,0,16,14,3,8,0,2,12,0.286,0.368,0.468,0.364
37,2025,Zach McKinstry,DET,1,1,0,0,0,0,0,0,0,0,0,0,0,0,0,0,0
38,2025,Fernando Cruz,NYY,47,120,3.38,17,1,0,13,11,3,16,0,3,46,0.168,0.3,0.267,0.267
39,2025,Cooper Hummel,HOU,1,5,13.5,2,1,0,1,1,0,0,0,1,0,0.5,0.6,0.75,0.571
40,2025,Miguel Rojas,LAD,4,16,10.12,6,0,0,3,3,2,1,0,1,0,0.429,0.5,0.857,0.564
41,2025,Abraham Toro,BOS,1,3,13.5,1,1,0,1,1,0,0,0,0,0,0.5,0.333,1,0.417
42,2025,Hunter Strickland,LAA,18,48,3.75,10,5,0,6,5,1,5,1,0,9,0.238,0.313,0.429,0.31
43,2025,Alex Lange,DET,1,4,0,2,0,0,0,0,0,0,0,0,0,0.5,0.5,0.5,0.441
44,2025,David Robertson,PHI,20,42,2.61,8,3,0,3,3,2,4,0,0,12,0.211,0.286,0.447,0.315
45,2025,Miles Mastrobuoni,SEA,1,3,0,1,0,0,0,0,0,1,0,0,0,0.5,0.667,0.5,0.525
46,2025,Justin Verlander,SFG,29,342,4.16,81,23,1,43,37,9,21,0,4,69,0.259,0.311,0.425,0.318
47,2025,Alan Trejo,COL,1,1,0,0,0,0,0,0,0,0,0,0,0,0,0,0,0
48,2025,Wade Miley,CIN,3,39,11.05,13,2,0,9,9,3,6,0,1,5,0.406,0.513,0.75,0.527
49,2025,Jared Young,NYM,1,1,0,0,0,0,0,0,0,1,0,0,0,0,1,0,0.691
50,2025,Kirby Yates,LAD,48,110,4.32,22,7,0,13,12,4,12,0,1,36,0.227,0.318,0.423,0.324
51,2025,Vidal Bruján,ATL,2,5,40.5,3,0,0,3,3,1,0,0,0,0,0.6,0.6,1.2,0.76
52,2025,Nathan Eovaldi,TEX,22,236,1.26,41,9,0,10,9,4,10,0,3,63,0.186,0.23,0.282,0.226
53,2025,Kody Clemens,MIN,1,4,13.5,2,0,0,1,1,1,0,0,0,0,0.5,0.5,1.25,0.73
54,2025,Casey Kelly,ARI,2,5,0,1,0,0,0,0,0,1,0,0,0,0.25,0.4,0.25,0.315
55,2025,Logan Porter,SFG,1,3,13.5,1,0,0,1,1,1,0,0,0,0,0.333,0.333,1.333,0.679
56,2025,Patrick Corbin,TEX,31,496,4.53,126,24,2,60,58,16,35,1,3,96,0.278,0.333,0.446,0.337
57,2025,Miles Mikolas,STL,31,305,4.31,78,21,2,34,34,12,16,0,0,47,0.274,0.31,0.488,0.34
58,2025,Leo Rivas,SEA,1,3,0,1,0,0,0,0,0,0,0,0,0,0.333,0.333,0.333,0.294
59,2025,Tyler Matzek,NYY,7,20,4.15,5,3,0,2,2,0,2,0,0,6,0.294,0.35,0.471,0.345
60,2025,César Salazar,HOU,1,2,0,0,0,0,0,0,0,0,0,0,0,0,0,0,0
61,2025,Brooks Raley,NYM,28,66,1.59,11,4,0,3,3,0,3,0,1,15,0.177,0.227,0.242,0.212
62,2025,Jacob Amaya,CHW,1,2,0,0,0,0,0,0,0,0,0,0,0,0,0,0,0
63,2025,Caleb Thielbar,CHC,61,125,2.2,24,7,0,8,8,3,7,1,0,29,0.205,0.248,0.342,0.253
64,2025,Nolan Hoffman,PHI,1,2,18,1,0,0,2,2,0,1,0,0,0,1,1,1,0.787
65,2025,Kyle Gibson,BAL,4,38,11.74,12,2,2,10,10,3,3,0,0,8,0.353,0.395,0.794,0.481
66,2025,José Caballero,TBR,1,3,18,3,2,0,2,2,1,0,0,0,0,1,1,2.667,1.514
67,2025,Shelby Miller,2 Tms,43,93,2.11,22,4,0,6,5,1,4,1,3,24,0.259,0.312,0.341,0.286
68,2025,Luis Vázquez,BAL,3,6,0,2,0,0,0,0,0,0,0,0,0,0.333,0.333,0.333,0.294
69,2025,Aroldis Chapman,BOS,67,173,0.78,20,3,0,5,4,2,14,0,0,62,0.127,0.197,0.184,0.178
70,2025,Brett de Geus,PHI,1,4,0,0,0,0,0,0,0,2,0,0,0,0,0.5,0,0.346
71,2025,Zack Wheeler,PHI,24,249,2.77,48,7,0,22,20,7,11,0,1,82,0.203,0.241,0.321,0.246
72,2025,Anthony Seigler,MIL,1,4,0,1,0,0,0,0,0,0,0,0,0,0.25,0.25,0.25,0.221
73,2025,Erasmo Ramírez,MIN,7,17,3.18,2,0,0,3,2,1,0,0,0,1,0.125,0.118,0.313,0.172
74,2025,Carlos Duran,ATH,1,4,27,1,0,0,3,3,0,3,0,0,0,1,1,1,0.739
75,2025,Michael Tonkin,MIN,20,48,1.46,5,1,0,2,2,0,6,0,2,9,0.125,0.271,0.15,0.216
76,2025,John Rooney,HOU,1,2,27,1,0,0,1,1,1,0,0,0,0,0.5,0.5,2,1.019
77,2025,Enrique Hernández,LAD,5,20,27,7,0,0,9,7,1,4,0,0,1,0.438,0.55,0.625,0.505
78,2025,Willie MacIver,ATH,2,7,0,3,1,0,0,0,0,0,0,0,0,0.429,0.429,0.571,0.431
79,2025,Scott Alexander,2 Tms,20,42,8.68,11,4,0,9,9,3,5,0,1,3,0.306,0.405,0.667,0.448
80,2025,Nate Eaton,BOS,1,2,0,1,0,0,0,0,0,0,0,0,0,0.5,0.5,0.5,0.441
81,2025,Chris Sale,ATL,21,412,2.6,88,15,1,31,29,9,24,0,9,133,0.233,0.294,0.35,0.285
82,2025,Logan Davidson,LAA,1,1,0,0,0,0,0,0,0,0,0,0,1,0,0,0,0
83,2025,Jacob deGrom,TEX,30,338,3.26,65,8,1,31,31,13,17,0,1,83,0.205,0.246,0.36,0.262
84,2025,Garrett Acton,TBR,1,1,0,0,0,0,0,0,0,0,0,0,0,0,0,0,0
85,2025,Casey Lawrence,2 Tms,6,47,3.48,16,5,0,6,4,1,1,0,1,4,0.356,0.383,0.533,0.394
86,2025,Alec Burleson,STL,1,2,0,1,0,0,0,0,0,0,0,0,0,0.5,0.5,0.5,0.441
87,2025,Merrill Kelly,2 Tms,32,349,3.21,75,16,0,34,31,6,19,0,1,86,0.229,0.273,0.333,0.267
88,2025,Niko Kavadas,LAA,1,6,0,3,0,0,0,0,0,0,0,0,0,0.5,0.5,0.5,0.441
89,2025,Tommy Kahnle,DET,60,123,3.68,21,2,1,13,12,2,14,0,1,28,0.194,0.293,0.287,0.266
90,2025,Jose Quintana,MIL,24,422,3.36,94,13,0,42,37,12,37,0,3,59,0.248,0.318,0.377,0.307
91,2025,Drew Pomeranz,CHC,54,123,3.72,25,0,0,14,12,5,10,1,4,29,0.234,0.32,0.374,0.305
92,2025,Robbie Ray,SFG,32,580,3.63,119,31,2,60,56,18,56,0,1,148,0.23,0.303,0.402,0.307
93,2025,José Ureña,5 Tms,19,113,4.5,27,6,0,13,12,3,8,0,3,16,0.267,0.336,0.416,0.329
94,2025,Jameson Taillon,CHC,23,257,4.33,64,16,0,31,30,14,8,0,0,39,0.258,0.281,0.492,0.328
95,2025,Luke Jackson,3 Tms,49,124,3.3,21,1,0,17,11,2,15,1,3,25,0.204,0.32,0.272,0.273
96,2025,Héctor Neris,3 Tms,25,58,7.3,14,5,0,10,10,2,8,1,1,15,0.298,0.404,0.532,0.394
97,2025,Taijuan Walker,PHI,34,251,4.68,64,9,0,34,31,12,9,0,4,38,0.272,0.308,0.464,0.331
98,2025,Chris Martin,TEX,46,104,2.77,26,1,0,10,8,4,1,1,1,28,0.255,0.269,0.382,0.278
99,2025,Jason Adam,SDP,63,140,1.41,32,3,0,7,5,1,10,1,1,36,0.25,0.307,0.297,0.269
100,2025,Jon Berti,CHC,4,10,4.5,3,2,0,1,1,0,1,0,0,0,0.333,0.4,0.556,0.408
101,2025,Kyle Hendricks,LAA,31,351,5.59,94,18,1,56,52,16,11,0,3,57,0.284,0.309,0.489,0.34
102,2025,Scott McGough,2 Tms,12,36,5.87,11,4,0,5,5,3,1,0,0,5,0.314,0.333,0.686,0.426
103,2025,Yimi García,TOR,21,46,2.61,7,0,0,3,3,1,6,0,1,14,0.179,0.304,0.256,0.265
104,2025,Chris Bassitt,TOR,32,317,4.01,68,9,0,36,34,9,15,0,9,79,0.233,0.29,0.356,0.286
105,2025,Colin Rea,CHC,31,314,2.99,65,10,1,28,27,6,12,0,5,61,0.222,0.262,0.324,0.257
106,2025,Jacob Barnes,TOR,6,22,0,7,0,0,1,0,0,1,0,0,2,0.35,0.364,0.35,0.312
107,2025,Seth Lugo,KCR,26,249,3.39,45,10,0,27,24,6,24,0,0,58,0.203,0.28,0.329,0.272
108,2025,Blake Treinen,LAD,32,75,3.31,16,3,0,8,6,1,10,1,1,22,0.254,0.36,0.349,0.315
109,2025,Adrian Houser,2 Tms,21,257,3.31,60,11,0,27,24,2,11,0,4,45,0.249,0.293,0.32,0.273
110,2025,Nick Martinez,CIN,40,372,4.6,89,26,0,48,46,12,20,1,4,51,0.263,0.307,0.447,0.322
111,2025,Rafael Montero,3 Tms,57,145,3.89,25,7,0,17,15,2,20,0,0,38,0.202,0.31,0.306,0.281
112,2025,Chris Devenski,NYM,13,40,1.86,7,2,0,2,2,1,3,0,2,11,0.2,0.3,0.343,0.29
113,2025,Sonny Gray,STL,32,363,4.87,96,19,0,52,46,15,18,0,1,87,0.282,0.319,0.469,0.339
114,2025,John Brebbia,2 Tms,22,63,9.24,18,5,0,15,13,2,5,0,2,10,0.333,0.403,0.537,0.402
115,2025,Michael Kelly,ATH,40,100,3.2,20,5,0,11,9,3,10,1,0,18,0.23,0.306,0.391,0.301
116,2025,Mike Clevinger,CHW,7,16,5.4,1,1,0,2,2,0,4,0,0,3,0.091,0.313,0.182,0.251
117,2025,Andrew Kittredge,2 Tms,51,115,3.77,24,4,0,12,12,5,8,0,0,35,0.229,0.281,0.41,0.298
118,2025,Shawn Armstrong,TEX,68,178,1.85,18,2,0,11,10,1,11,0,4,49,0.113,0.185,0.144,0.159
119,2025,Tyler Anderson,LAA,26,419,4.48,87,17,1,53,49,17,38,3,2,75,0.233,0.303,0.42,0.31
120,2025,Joe Ross,PHI,36,129,4.2,33,9,1,15,14,4,7,0,2,25,0.282,0.326,0.479,0.341
121,2025,Austin Hedges,CLE,3,9,0,3,1,0,0,0,0,1,0,0,0,0.375,0.444,0.5,0.412
122,2025,Andrew Chafin,2 Tms,36,71,4.4,21,1,0,8,7,1,8,0,0,15,0.333,0.408,0.397,0.36
123,2025,Anthony DeSclafani,ARI,13,97,5.87,21,6,0,16,15,7,5,2,3,23,0.244,0.302,0.558,0.352
124,2025,Yu Darvish,SDP,15,141,5.45,30,5,0,23,22,6,4,0,3,40,0.226,0.264,0.398,0.287
125,2025,Eduardo Rodriguez,ARI,29,543,4.62,135,26,2,67,62,21,53,2,1,114,0.281,0.351,0.474,0.355
126,2025,Jordan Weems,HOU,4,13,10.12,6,1,0,3,3,0,0,0,0,0,0.462,0.462,0.538,0.436
127,2025,Michael Fulmer,2 Tms,3,11,11.57,5,2,0,3,3,1,0,0,0,2,0.455,0.455,0.909,0.573
128,2025,Jesse Hahn,SEA,3,18,4.15,3,0,0,2,2,1,3,2,1,2,0.231,0.412,0.462,0.348
129,2025,Danny Coulombe,2 Tms,48,98,3.13,16,2,0,8,8,3,13,0,0,26,0.188,0.296,0.318,0.279
130,2025,Hoby Milner,TEX,66,168,4.54,43,9,2,20,18,3,18,2,2,31,0.295,0.375,0.445,0.353
131,2025,Steven Matz,2 Tms,51,180,3.4,47,10,1,18,16,5,8,0,0,36,0.276,0.307,0.435,0.319
132,2025,Marcus Stroman,NYY,9,70,4.5,15,3,0,8,8,1,8,0,1,10,0.25,0.343,0.35,0.311
133,2025,Pierce Johnson,ATL,61,128,2.97,28,5,0,12,11,4,3,0,1,40,0.231,0.25,0.372,0.265
134,2025,Taylor Rogers,2 Tms,53,116,3.67,27,6,1,15,11,4,9,2,2,23,0.265,0.328,0.461,0.33
135,2025,Lucas Sims,WSN,18,44,8.68,8,2,1,9,9,0,7,0,2,10,0.229,0.386,0.343,0.336
136,2025,Matt Bowman,BAL,19,64,5.54,21,6,0,9,8,2,3,0,1,10,0.35,0.391,0.55,0.404
137,2025,Blake Snell,LAD,11,198,3.04,40,7,0,19,16,3,21,1,0,54,0.231,0.31,0.324,0.282
138,2025,Steven Okert,HOU,65,168,2.53,27,4,0,12,12,3,14,1,1,51,0.18,0.253,0.267,0.233
139,2025,Robert Stephenson,LAA,11,26,1.5,5,3,0,2,1,0,3,1,0,7,0.217,0.308,0.348,0.276
140,2025,Carl Edwards Jr.,2 Tms,4,16,1.93,2,0,0,1,1,0,1,0,0,4,0.143,0.188,0.143,0.154
141,2025,Jakob Junis,CLE,57,167,2.7,41,9,0,13,12,3,9,1,3,38,0.27,0.319,0.388,0.307
142,2025,Clay Holmes,NYM,33,332,3.2,78,11,0,33,28,5,22,0,7,63,0.261,0.323,0.348,0.299
143,2025,Tayler Scott,2 Tms,24,81,7.27,22,6,0,15,14,4,8,0,0,18,0.31,0.375,0.563,0.397
144,2025,Max Fried,NYY,32,620,2.27,130,24,5,46,38,6,40,0,4,134,0.226,0.281,0.317,0.266
145,2025,Tomás Nido,DET,1,3,0,0,0,0,0,0,0,0,0,1,0,0,0.333,0,0.241
146,2025,Chris Stratton,2 Tms,15,55,9.26,18,3,2,12,12,4,4,0,0,11,0.36,0.4,0.74,0.469
147,2025,Zach Eflin,BAL,13,124,4.4,33,6,0,14,14,3,6,0,2,23,0.287,0.331,0.417,0.326
148,2025,Matt Strahm,PHI,64,172,2.76,30,5,1,15,13,4,14,1,1,49,0.196,0.265,0.32,0.257
149,2025,Paul Sewald,2 Tms,21,40,3.6,8,2,0,4,4,2,2,0,0,9,0.216,0.25,0.432,0.287
150,2025,Chris Flexen,CHC,21,101,2.03,18,1,0,8,6,2,5,0,0,15,0.191,0.228,0.266,0.218
151,2025,Tyler Heineman,TOR,3,13,27,8,1,0,5,5,0,0,0,0,0,0.667,0.615,0.75,0.571
152,2025,Dietrich Enns,2 Tms,24,127,3.52,26,3,0,15,12,2,11,4,0,27,0.226,0.291,0.304,0.254
153,2025,Brent Suter,CIN,48,174,5.77,42,8,0,27,25,7,12,1,2,32,0.266,0.324,0.449,0.332
154,2025,Michael Wacha,KCR,31,344,5.57,82,16,2,51,51,10,22,0,2,63,0.26,0.311,0.419,0.316
155,2025,Kevin Gausman,TOR,32,405,3.47,89,18,0,40,38,11,26,1,2,105,0.238,0.29,0.374,0.289
156,2025,Lance McCullers Jr.,HOU,16,145,5.4,36,7,1,17,17,7,21,0,4,30,0.303,0.424,0.555,0.42
157,2025,José Berríos,TOR,31,324,5.29,79,19,1,53,48,18,14,0,6,60,0.26,0.306,0.507,0.346
158,2025,Josh Hader,HOU,47,160,2.2,21,7,0,13,10,6,14,1,2,60,0.149,0.234,0.326,0.245
159,2025,Wandy Peralta,SDP,65,180,2.4,38,9,0,14,11,1,18,3,0,33,0.239,0.313,0.314,0.275
160,2025,Frankie Montas,NYM,9,89,4.12,23,7,0,11,9,2,7,0,1,18,0.288,0.348,0.45,0.346
161,2025,Joel Payamps,2 Tms,28,69,2.95,13,4,0,6,6,1,4,0,1,15,0.206,0.261,0.317,0.255
162,2025,Tyler Glasnow,LAD,18,191,3.61,28,7,0,19,19,5,25,0,1,61,0.173,0.283,0.309,0.267
163,2025,José Leclerc,ATH,10,26,7.2,9,2,1,4,4,2,1,0,0,5,0.36,0.385,0.76,0.476
164,2025,Jorge López,WSN,24,54,4.61,12,1,1,7,7,0,2,0,1,11,0.245,0.278,0.306,0.255
165,2025,Carlos Estévez,KCR,61,120,2.59,19,6,0,12,9,2,6,1,3,25,0.171,0.233,0.279,0.226
166,2025,José Ruiz,2 Tms,18,50,9.64,15,4,0,10,10,2,8,0,0,7,0.357,0.46,0.595,0.451
167,2025,Anthony Banda,LAD,64,156,4.63,30,6,1,18,18,6,22,6,2,33,0.229,0.346,0.427,0.326
168,2025,Edwin Díaz,NYM,56,121,1.8,18,3,0,7,6,1,9,0,5,41,0.171,0.269,0.229,0.235
169,2025,Paul Blackburn,2 Tms,15,94,8.14,27,2,2,20,19,6,7,0,0,20,0.318,0.362,0.6,0.401
170,2025,Emilio Pagán,CIN,67,133,3.74,21,7,0,16,14,7,10,0,1,36,0.175,0.241,0.408,0.277
171,2025,Michael Lorenzen,KCR,27,296,4.86,73,15,1,39,38,14,18,0,4,63,0.267,0.321,0.484,0.345
172,2025,Mike Yastrzemski,SFG,1,3,27,2,1,0,1,1,0,0,0,0,0,0.667,0.667,1,0.711
173,2025,Joe Mantiply,ARI,10,32,6.75,14,1,0,4,4,1,2,1,1,4,0.483,0.531,0.621,0.493
174,2025,Sam Moll,CIN,18,34,12.79,9,3,0,11,9,2,5,0,0,4,0.31,0.412,0.621,0.436
175,2025,Jon Gray,TEX,6,35,7.36,8,1,0,6,6,3,5,0,0,8,0.267,0.371,0.6,0.41
176,2025,Ben Lively,CLE,9,88,2.7,19,3,0,7,7,2,4,0,0,15,0.226,0.261,0.333,0.261
177,2025,Scott Barlow,CIN,74,184,2.57,29,3,0,15,12,3,28,0,3,45,0.192,0.326,0.272,0.281
178,2025,Kyle Finnegan,2 Tms,52,113,4.5,24,3,2,14,14,3,7,0,0,25,0.238,0.282,0.396,0.291
179,2025,Germán Márquez,COL,26,287,7.18,85,24,2,57,50,11,17,0,3,39,0.323,0.368,0.555,0.393
180,2025,Tim Mayza,2 Tms,15,47,6.52,12,3,0,7,7,2,3,0,2,6,0.293,0.362,0.512,0.373
181,2025,Lou Trivino,3 Tms,46,118,0.96,23,4,1,4,3,1,8,0,5,24,0.221,0.308,0.308,0.28
182,2025,Rob Zastryzny,MIL,23,42,4.82,7,1,0,5,5,2,7,3,1,5,0.212,0.357,0.424,0.317
183,2025,Justin Topa,MIN,52,150,2.57,36,9,0,14,10,1,7,0,3,31,0.263,0.311,0.35,0.292
184,2025,Jake Bauers,MIL,5,19,6.75,8,2,0,3,2,0,2,0,0,0,0.471,0.526,0.588,0.483
185,2025,Cole Sulser,TBR,17,45,1.59,11,2,0,2,2,0,3,0,0,10,0.262,0.311,0.31,0.278
186,2025,Kevin Herget,2 Tms,7,31,1.23,5,3,0,2,1,0,3,0,0,3,0.185,0.258,0.296,0.245
187,2025,Andrew Heaney,2 Tms,27,387,4.82,87,23,0,49,48,15,31,0,6,64,0.253,0.323,0.451,0.334
188,2025,Matthew Boyd,CHC,31,535,3.73,115,20,3,60,55,17,35,0,4,111,0.236,0.29,0.394,0.297
189,2025,Nick Pivetta,SDP,31,367,3.55,69,7,1,39,36,15,23,0,3,97,0.205,0.26,0.366,0.272
190,2025,José De León,BOS,1,12,9,4,0,0,3,3,1,1,0,0,4,0.364,0.417,0.636,0.448
191,2025,Lucas Giolito,BOS,26,315,3.36,73,2,1,30,27,9,28,0,1,55,0.259,0.325,0.369,0.307
192,2025,Antonio Senzatela,COL,30,286,8.19,87,20,1,55,54,13,24,1,5,41,0.345,0.406,0.587,0.419
193,2025,Hunter Harvey,KCR,9,20,0,5,0,0,0,0,0,0,0,0,6,0.25,0.25,0.25,0.221
194,2025,Kendall Graveman,ARI,18,50,6.75,16,6,1,9,9,1,4,0,0,7,0.348,0.4,0.587,0.419
195,2025,Tyler Rogers,2 Tms,76,155,1.94,35,4,1,9,9,1,1,0,0,31,0.229,0.232,0.288,0.225
196,2025,Mark Leiter Jr.,NYY,53,98,7.59,28,6,0,21,18,4,7,0,2,12,0.315,0.378,0.517,0.386
197,2025,Chad Green,TOR,44,115,5.33,34,2,0,16,15,8,9,2,0,17,0.321,0.374,0.566,0.397
198,2025,Miguel Castro,CHW,6,14,9,4,2,0,3,3,1,2,0,0,2,0.333,0.429,0.75,0.486
199,2025,Luis Castillo,SEA,32,369,3.36,75,11,1,40,36,11,12,0,3,93,0.212,0.244,0.342,0.255
200,2025,Brad Keller,CHC,66,153,1.56,20,1,0,9,7,3,13,0,4,43,0.148,0.243,0.222,0.219
201,2025,Devin Williams,NYY,65,139,2.62,25,7,0,12,10,1,12,1,0,55,0.197,0.266,0.276,0.242
202,2025,Zack Littell,2 Tms,32,405,4.09,95,18,0,47,45,20,15,0,6,67,0.25,0.287,0.455,0.318
203,2025,Wander Suero,ATL,5,20,10.38,3,0,0,5,5,2,4,0,0,7,0.188,0.35,0.563,0.386
204,2025,Sean Manaea,NYM,15,194,6.45,45,9,0,32,32,12,12,0,5,58,0.257,0.321,0.514,0.356
205,2025,Luis Severino,ATH,29,362,5.07,81,17,0,55,49,9,22,0,5,66,0.245,0.298,0.379,0.296
206,2025,Austin Nola,COL,1,8,162,7,4,0,6,6,2,0,0,0,0,0.875,0.875,2.125,1.246
207,2025,Ryne Stanek,NYM,64,145,3.44,28,5,1,13,13,4,17,0,0,36,0.222,0.31,0.373,0.301
208,2025,Cam Booser,CHW,35,81,6.35,18,3,0,15,12,6,10,1,2,17,0.261,0.37,0.565,0.395
209,2025,Nick Burdi,BOS,4,11,0,1,0,0,0,0,0,2,0,0,4,0.111,0.273,0.111,0.206
210,2025,Zach Thompson,ATL,2,5,0,0,0,0,0,0,0,0,0,0,0,0,0,0,0
211,2025,Jordan Romano,PHI,46,104,8.49,26,6,0,23,22,5,11,0,2,20,0.295,0.375,0.534,0.384
212,2025,John Curtiss,ARI,29,78,3.79,20,8,0,10,8,2,2,0,0,10,0.267,0.286,0.453,0.316
213,2025,Carlos Rodón,NYY,33,613,2.87,104,25,0,55,48,17,60,0,5,152,0.192,0.277,0.331,0.271
214,2025,Aaron Nola,PHI,17,154,3.86,38,8,1,18,16,4,7,0,1,42,0.262,0.301,0.414,0.31
215,2025,Brandon Woodruff,MIL,12,122,3.9,22,2,0,14,13,6,8,0,1,44,0.196,0.256,0.375,0.276
216,2025,Spencer Turnbull,TOR,3,19,4.91,6,1,1,2,2,0,3,0,0,1,0.375,0.474,0.563,0.444
217,2025,Kyle Freeland,COL,31,562,4.72,156,27,3,78,67,20,31,2,5,94,0.3,0.342,0.479,0.352
218,2025,Aaron Bummer,ATL,41,132,3.9,27,8,1,15,13,2,9,4,11,25,0.243,0.356,0.387,0.322
219,2025,Jesus Tinoco,MIA,20,45,5.91,13,3,1,8,7,0,2,0,0,6,0.31,0.341,0.429,0.333
220,2025,Ryan Borucki,2 Tms,35,75,9,22,6,0,17,15,4,7,1,1,17,0.338,0.405,0.615,0.426
221,2025,Tyler Mahle,TEX,16,195,2.53,44,7,1,13,13,2,19,0,0,31,0.25,0.323,0.335,0.295
222,2025,Reynaldo López,ATL,1,11,11.57,4,1,0,3,3,1,0,0,0,1,0.364,0.364,0.727,0.459
223,2025,Scott Blewett,3 Tms,25,99,4.43,26,4,1,13,11,2,7,0,1,15,0.295,0.351,0.432,0.34
224,2025,Ryan Yarbrough,NYY,19,176,5.53,41,5,1,25,25,9,18,0,1,36,0.263,0.341,0.481,0.354
225,2025,Dan Altavilla,CHW,27,54,3,10,3,0,5,4,0,9,0,2,5,0.238,0.396,0.31,0.332
226,2025,Austin Gomber,COL,12,215,7.29,64,15,2,39,37,10,12,0,1,27,0.318,0.36,0.562,0.392
227,2025,Erik Swanson,TOR,6,17,30.86,7,2,0,8,8,2,2,0,1,3,0.538,0.588,1.154,0.667
228,2025,Bryan Abreu,HOU,69,162,2.08,28,5,0,9,9,1,17,0,2,56,0.196,0.29,0.252,0.253
229,2025,J.P. Feyereisen,2 Tms,4,14,10.13,6,1,0,4,3,1,0,0,0,2,0.429,0.429,0.714,0.487
230,2025,Ryan Thompson,ARI,46,98,2.88,22,4,0,11,8,2,4,0,2,25,0.239,0.286,0.348,0.28
231,2025,Julian Merryweather,CHC,19,47,5.4,13,5,0,7,6,1,5,1,0,5,0.317,0.383,0.512,0.375
232,2025,Jose Trevino,CIN,2,8,0,2,2,0,0,0,0,1,0,0,0,0.333,0.375,0.667,0.399
233,2025,Brock Stewart,2 Tms,40,86,0.79,10,0,0,2,2,1,5,1,4,31,0.13,0.221,0.169,0.184
234,2025,Tim Hill,NYY,66,135,4.7,35,7,0,19,16,7,9,2,0,10,0.282,0.328,0.508,0.351
235,2025,Brennan Bernardino,BOS,50,136,2.67,23,3,0,13,9,0,19,5,2,22,0.205,0.328,0.232,0.252
236,2025,Reed Garrett,NYM,57,131,4.41,26,9,0,18,16,3,7,0,1,39,0.211,0.26,0.358,0.269
237,2025,Luke Weaver,NYY,58,125,4.25,24,3,0,15,14,5,11,0,1,35,0.216,0.29,0.378,0.293
238,2025,Touki Toussaint,LAA,1,6,0,1,1,0,0,0,0,1,0,0,3,0.2,0.333,0.4,0.324
239,2025,Sean Newcomb,2 Tms,46,270,2.81,70,9,0,26,20,4,20,2,3,65,0.287,0.347,0.373,0.317
240,2025,Grant Holmes,ATL,22,242,4.71,48,5,0,31,30,9,25,0,6,73,0.232,0.328,0.386,0.316
241,2025,Trevor Williams,WSN,17,165,4.46,33,7,0,23,21,3,7,0,1,37,0.216,0.25,0.32,0.248
242,2025,Tanner Banks,PHI,63,156,4.42,38,5,2,19,18,7,7,1,1,33,0.259,0.295,0.463,0.321
243,2025,Jose Herrera,ARI,2,7,0,3,0,0,0,0,0,0,0,0,0,0.429,0.429,0.429,0.378
244,2025,Pablo López,MIN,14,136,3.34,20,7,0,15,13,3,8,0,3,36,0.163,0.228,0.293,0.231
245,2025,Raisel Iglesias,ATL,65,125,3.69,24,5,0,14,13,5,7,2,1,36,0.205,0.256,0.376,0.268
246,2025,José Castillo,4 Tms,28,82,3.86,19,6,0,12,8,2,9,1,0,17,0.264,0.341,0.431,0.331
247,2025,Gabe Speier,SEA,68,131,2.76,24,7,2,11,10,2,9,1,2,40,0.203,0.267,0.347,0.265
248,2025,Jalen Beeks,ARI,55,137,3.97,23,6,0,16,15,4,15,2,1,21,0.19,0.285,0.339,0.273
249,2025,Jorge Mateo,BAL,1,9,45,4,0,0,5,5,1,1,0,1,0,0.571,0.667,1,0.678
250,2025,Alex Jackson,BAL,1,6,18,2,1,0,2,2,0,1,0,0,0,0.5,0.5,0.75,0.471
251,2025,Ranger Suarez,PHI,26,520,3.18,127,23,2,45,44,10,34,0,1,112,0.265,0.313,0.383,0.305
252,2025,Michael Kopech,LAD,13,31,1.5,6,0,0,1,1,0,7,0,0,7,0.25,0.419,0.25,0.327
253,2025,Framber Valdez,HOU,31,651,3.06,136,26,4,56,53,10,57,0,7,154,0.234,0.308,0.344,0.29
254,2025,Justin Steele,CHC,4,62,6.6,16,3,0,11,11,5,3,0,0,15,0.276,0.306,0.586,0.372
255,2025,Matt Gage,2 Tms,30,65,5.93,20,4,0,9,9,0,7,1,0,14,0.345,0.415,0.414,0.364
256,2025,Erick Fedde,3 Tms,31,299,3.95,60,17,0,32,32,5,26,0,3,46,0.226,0.302,0.347,0.289
257,2025,Jeff Hoffman,TOR,69,142,4.37,26,4,0,18,17,7,13,0,1,41,0.205,0.284,0.402,0.299
258,2025,Jack Flaherty,DET,31,321,3.22,69,16,0,30,28,10,18,0,3,98,0.231,0.281,0.385,0.291
259,2025,Génesis Cabrera,4 Tms,35,109,9,33,4,0,24,23,9,10,1,0,22,0.333,0.394,0.646,0.437
260,2025,Ryan Burr,TOR,2,7,0,1,0,0,0,0,0,1,0,0,3,0.167,0.286,0.167,0.225
261,2025,Jimmy Herget,COL,59,193,2.42,40,9,0,14,13,3,9,0,3,48,0.225,0.269,0.326,0.262
262,2025,JT Brubaker,2 Tms,16,58,3.86,11,3,0,6,6,0,5,0,1,12,0.212,0.293,0.269,0.259
263,2025,Tanner Scott,LAD,61,173,3.67,39,5,0,18,17,6,13,2,3,43,0.252,0.32,0.4,0.312
264,2025,Mitch Keller,PIT,32,373,3.55,79,19,1,39,36,8,18,0,8,81,0.229,0.282,0.359,0.282
265,2025,Cristian Javier,HOU,8,75,4.42,14,3,0,12,9,2,8,0,0,15,0.212,0.293,0.348,0.284
266,2025,Tanner Rainey,2 Tms,13,23,15.75,4,0,0,7,7,0,7,0,0,6,0.286,0.5,0.286,0.38
267,2025,Taylor Clarke,KCR,48,110,1.99,19,3,1,7,7,3,4,0,0,25,0.179,0.209,0.311,0.226
268,2025,Justin Lawrence,PIT,17,39,0.79,6,1,0,1,1,0,2,0,0,14,0.162,0.205,0.189,0.181
269,2025,Jeffrey Springs,ATH,32,569,4.58,121,28,0,78,69,25,44,0,3,111,0.235,0.296,0.436,0.314
270,2025,Kevin Newman,LAA,2,9,13.5,3,1,0,3,3,2,0,0,0,0,0.333,0.333,1.111,0.592
271,2025,Trevor Megill,MIL,44,89,2.11,19,7,0,7,5,2,6,1,0,26,0.235,0.281,0.395,0.285
272,2025,Nabil Crismatt,ARI,8,90,1.83,22,4,1,7,4,1,5,0,1,20,0.265,0.311,0.373,0.299
273,2025,Evan Phillips,LAD,7,15,0,3,0,0,0,0,0,0,0,0,5,0.2,0.2,0.2,0.176
274,2025,Tyler Alexander,2 Tms,51,244,5.86,60,8,2,41,36,4,24,5,1,48,0.276,0.35,0.387,0.318
275,2025,Angel Perdomo,ATH,4,10,6.75,1,0,0,2,2,0,1,0,0,2,0.111,0.2,0.111,0.157
276,2025,José Alvarado,PHI,28,84,2.29,20,2,0,5,5,2,5,0,0,24,0.26,0.301,0.364,0.291
277,2025,Dillon Tate,TOR,6,19,0,5,0,0,0,0,0,1,0,0,7,0.278,0.316,0.278,0.269
278,2025,Ian Gibaut,CIN,24,61,5.14,17,4,0,8,8,3,2,0,0,10,0.293,0.311,0.517,0.35
279,2025,Nestor Cortes,2 Tms,8,118,4,22,4,0,12,12,7,17,0,2,21,0.222,0.347,0.475,0.357
280,2025,Dennis Santana,PIT,67,158,1.98,30,5,3,9,9,4,6,0,3,37,0.203,0.247,0.358,0.262
281,2025,Tayler Saucedo,SEA,10,33,6,11,2,0,4,4,1,3,0,1,4,0.379,0.455,0.552,0.436
282,2025,Garrett Cleavinger,TBR,66,159,2.41,26,5,1,12,11,5,11,0,5,51,0.183,0.264,0.338,0.267
283,2025,Trent Thornton,SEA,32,91,4.91,19,1,0,12,12,3,5,0,4,12,0.232,0.308,0.354,0.296
284,2025,Tyler Gilbert,CHW,41,111,4.5,21,5,0,14,13,4,14,3,0,21,0.219,0.318,0.396,0.305
285,2025,Brock Burke,LAA,63,162,3.58,37,4,2,15,15,6,13,4,0,35,0.253,0.313,0.432,0.312
286,2025,Scott Kingery,LAA,1,13,10.8,8,0,0,2,2,0,0,0,0,0,0.615,0.615,0.615,0.543
287,2025,Logan Webb,SFG,34,428,2.81,96,16,0,38,33,6,24,0,4,120,0.242,0.29,0.328,0.274
288,2025,Pete Fairbanks,TBR,59,126,2.53,23,6,0,11,9,3,8,0,0,28,0.195,0.246,0.322,0.25
289,2025,Triston McKenzie,CLE,4,16,12,3,1,0,4,4,0,4,0,0,4,0.273,0.438,0.364,0.361
290,2025,Phil Maton,2 Tms,59,138,2.45,21,6,0,12,10,2,9,0,6,44,0.174,0.263,0.273,0.245
291,2025,Ryan Helsley,2 Tms,56,125,3.95,29,6,0,16,12,5,14,1,1,31,0.271,0.352,0.467,0.349
292,2025,Anthony Misiewicz,MIN,4,13,10.8,3,0,0,4,4,1,0,0,0,4,0.231,0.231,0.462,0.292
293,2025,Tyler Kinley,2 Tms,71,163,4.08,28,6,0,19,18,2,16,2,0,39,0.192,0.27,0.274,0.242
294,2025,Carson Fulmer,LAA,13,58,4.4,13,2,1,7,7,1,3,0,0,8,0.245,0.281,0.377,0.283
295,2025,Nick Anderson,COL,12,33,7.04,12,3,0,6,6,2,1,0,0,6,0.375,0.394,0.656,0.445
296,2025,Julian Fernández,2 Tms,4,10,0,1,0,0,0,0,0,1,0,0,3,0.111,0.2,0.111,0.157
297,2025,Brandon Waddell,NYM,11,88,4.35,18,5,0,10,10,3,8,0,0,13,0.228,0.295,0.405,0.304
298,2025,Michael Soroka,2 Tms,22,168,2.88,30,6,0,14,13,4,11,0,9,42,0.203,0.298,0.324,0.282
299,2025,Scott Effross,NYY,11,30,6.75,9,2,2,5,5,1,1,0,0,6,0.31,0.333,0.621,0.398
300,2025,Enyel De Los Santos,2 Tms,65,171,3.7,33,7,1,18,17,4,15,0,2,44,0.216,0.294,0.353,0.287
301,2025,José Urquidy,DET,1,4,0,2,0,0,0,0,0,1,0,0,1,0.667,0.75,0.667,0.614
302,2025,Danny Young,NYM,9,20,8.31,5,0,0,5,4,0,1,0,1,5,0.294,0.368,0.294,0.307
303,2025,Kenta Maeda,DET,7,27,5.79,5,2,0,3,3,0,4,0,3,4,0.263,0.462,0.368,0.388
304,2025,Dylan Cease,SDP,32,369,4.99,79,20,1,50,49,11,29,0,1,116,0.237,0.298,0.402,0.304
305,2025,Ali Sánchez,TOR,1,3,27,2,1,0,1,1,0,0,0,0,1,0.667,0.667,1,0.711
306,2025,A.J. Minter,NYM,11,26,2.84,3,0,0,2,2,0,4,0,0,9,0.136,0.269,0.136,0.208
307,2025,Jake Woodford,ARI,22,113,4.81,32,5,0,14,13,2,5,0,3,18,0.311,0.36,0.417,0.343
308,2025,Freddy Peralta,MIL,33,354,2.92,58,11,0,29,29,13,25,0,6,112,0.181,0.254,0.338,0.262
309,2025,Sandy Alcantara,MIA,31,376,5.4,92,22,0,55,53,9,15,0,8,84,0.263,0.307,0.403,0.309
310,2025,Kolby Allard,CLE,33,180,3,42,11,1,17,15,3,9,3,0,26,0.251,0.285,0.383,0.281
311,2025,Cody Poteet,BAL,1,8,36,4,2,0,4,4,0,1,0,0,0,0.571,0.625,0.857,0.62
312,2025,Tommy Nance,TOR,30,82,0.44,16,0,0,3,1,0,4,0,0,17,0.208,0.244,0.208,0.206
313,2025,José Quijada,LAA,2,5,0,1,0,0,0,0,0,1,0,0,2,0.25,0.4,0.25,0.315
314,2025,Jesse Scholtens,TBR,2,25,5.4,6,0,0,5,3,1,2,0,0,8,0.273,0.32,0.409,0.313
315,2025,Lake Bachar,MIA,51,154,4.75,33,6,0,19,19,8,11,0,2,41,0.239,0.301,0.457,0.324
316,2025,Seranthony Domínguez,2 Tms,61,145,2.37,16,3,0,13,10,1,22,0,1,51,0.132,0.269,0.182,0.223
317,2025,Ian Hamilton,NYY,35,100,2.88,12,2,0,8,8,1,16,1,1,29,0.148,0.296,0.21,0.243
318,2025,Thomas Hatch,2 Tms,12,61,3.68,13,1,0,6,6,3,7,1,0,10,0.241,0.328,0.426,0.324
319,2025,Jacob Webb,TEX,54,149,4.71,27,5,0,21,19,7,13,1,1,32,0.203,0.277,0.398,0.291
320,2025,Nick Hernandez,HOU,10,34,4.05,7,3,0,3,3,1,7,0,0,5,0.259,0.412,0.481,0.391
321,2025,Zac Gallen,ARI,33,413,5.94,84,15,3,67,66,19,32,0,0,99,0.223,0.282,0.43,0.305
322,2025,Trevor Richards,2 Tms,5,18,7.36,7,2,0,3,3,0,1,0,0,5,0.438,0.471,0.563,0.447
323,2025,Cal Quantrill,2 Tms,26,283,7.3,88,19,5,52,50,14,15,0,4,35,0.335,0.378,0.605,0.416
324,2025,Matt Krook,ATH,2,10,9,4,1,0,2,2,0,1,0,0,2,0.444,0.5,0.556,0.459
325,2025,Eric Lauer,TOR,28,296,3.24,61,17,0,27,26,12,20,0,2,75,0.224,0.281,0.419,0.303
326,2025,Joey Lucchesi,SFG,37,82,5.68,19,5,1,13,12,3,5,0,1,15,0.25,0.305,0.461,0.329
327,2025,Matt Festa,CLE,60,121,2.4,21,3,0,11,8,1,6,0,4,33,0.196,0.261,0.252,0.234
328,2025,Richard Lovelady,2 Tms,10,28,15.88,7,2,0,10,10,3,3,0,1,7,0.304,0.393,0.783,0.471
329,2025,A.J. Puk,ARI,8,22,3.86,5,2,0,2,2,1,2,0,1,6,0.263,0.364,0.526,0.382
330,2025,Caleb Ferguson,2 Tms,67,155,4.08,35,9,0,17,16,2,13,3,4,30,0.263,0.342,0.376,0.311
331,2025,Dean Kremer,BAL,31,327,4.48,75,13,0,40,39,8,21,0,1,68,0.248,0.298,0.371,0.293
332,2025,Weston Wilson,PHI,2,6,0,1,0,0,0,0,0,0,0,0,0,0.167,0.167,0.167,0.147
333,2025,Lucas Erceg,KCR,52,117,3.81,30,4,1,13,12,3,7,0,3,22,0.28,0.342,0.421,0.334
334,2025,Corbin Burnes,ARI,10,117,4.4,23,4,0,17,15,6,8,0,0,25,0.213,0.267,0.417,0.295
335,2025,Keegan Akin,BAL,59,162,3.49,27,5,0,18,15,6,22,2,1,33,0.196,0.309,0.362,0.295
336,2025,Walker Buehler,2 Tms,26,249,5.55,48,4,0,39,37,14,25,0,6,43,0.221,0.317,0.433,0.328
337,2025,Tony Gonsolin,LAD,7,64,4.41,12,0,0,9,8,5,5,0,0,24,0.203,0.266,0.458,0.31
338,2025,Colin Poche,2 Tms,14,24,17.18,4,2,0,8,7,0,9,0,0,4,0.308,0.542,0.462,0.437
339,2025,Ronel Blanco,HOU,9,117,2.73,21,7,0,9,9,1,9,0,0,36,0.196,0.259,0.29,0.246
340,2025,Dane Dunning,2 Tms,12,49,13.03,15,2,0,15,14,4,2,0,3,10,0.349,0.408,0.674,0.452
341,2025,Shane Bieber,TOR,7,79,6.87,22,4,0,14,14,6,4,0,1,15,0.297,0.342,0.595,0.396
342,2025,Yohan Ramírez,PIT,23,97,4.98,21,7,0,15,12,2,7,0,2,28,0.239,0.309,0.386,0.306
343,2025,Jake Rogers,DET,4,7,5.4,2,1,0,1,1,0,0,0,0,0,0.333,0.286,0.5,0.305
344,2025,Shaun Anderson,LAA,7,30,9,12,0,0,6,6,3,1,0,0,5,0.414,0.433,0.724,0.492
345,2025,Jorge Alcala,3 Tms,55,151,4.31,38,9,0,18,15,6,18,0,1,37,0.299,0.38,0.512,0.38
346,2025,Aaron Civale,3 Tms,23,219,4.33,49,11,0,25,25,8,11,1,4,39,0.241,0.292,0.414,0.304
347,2025,Tyler Ferguson,ATH,55,171,4.3,30,4,2,22,21,2,15,0,3,45,0.204,0.284,0.299,0.262
348,2025,Alan Rangel,PHI,5,23,4.76,7,3,0,3,3,1,2,0,0,4,0.333,0.391,0.619,0.427
349,2025,Geoff Hartlieb,2 Tms,4,12,13.5,3,2,0,4,4,0,1,0,0,4,0.273,0.333,0.455,0.34
350,2025,David Bednar,2 Tms,62,130,2.48,27,4,2,10,9,3,5,0,1,53,0.22,0.254,0.358,0.264
351,2025,JoJo Romero,STL,63,151,2.75,28,6,0,13,11,2,20,5,1,28,0.22,0.327,0.315,0.278
352,2025,Forrest Whitley,2 Tms,9,29,23.14,12,4,1,13,12,2,2,0,0,1,0.462,0.483,0.923,0.568
353,2025,Chas McCormick,HOU,3,10,4.5,3,0,0,1,1,0,1,0,1,1,0.375,0.5,0.375,0.406
354,2025,Cionel Pérez,BAL,19,67,9.24,19,4,0,15,13,3,12,1,1,12,0.358,0.478,0.604,0.455
355,2025,Jordan Hicks,2 Tms,34,171,6.81,43,7,2,30,29,4,15,0,1,34,0.287,0.353,0.44,0.345
356,2025,Kyle Hart,SDP,20,122,7.31,28,6,0,23,23,8,10,0,1,24,0.255,0.32,0.527,0.359
357,2025,Jason Alexander,2 Tms,17,158,3.96,37,5,0,19,16,6,10,0,3,33,0.257,0.316,0.417,0.32
358,2025,Gregory Soto,2 Tms,65,161,5.57,42,7,0,24,20,2,15,1,7,39,0.307,0.4,0.401,0.357
359,2025,Connor Seabold,2 Tms,7,19,2.7,8,1,0,1,1,0,2,0,0,4,0.471,0.526,0.529,0.464
360,2025,Dustin May,2 Tms,25,250,4.66,57,9,1,33,30,6,16,0,8,41,0.256,0.325,0.386,0.314
361,2025,Caleb Boushley,TEX,25,103,4.07,26,7,0,14,11,1,6,0,1,19,0.271,0.32,0.375,0.306
362,2025,Anthony Bender,MIA,50,118,0.9,17,3,0,3,3,1,10,0,1,26,0.159,0.237,0.215,0.211
363,2025,Jonathan Loáisiga,NYY,29,84,4.19,20,4,0,9,9,4,5,1,3,17,0.267,0.337,0.48,0.35
364,2025,Reiver Sanmartin,CIN,1,7,0,2,1,0,0,0,0,1,1,0,2,0.333,0.429,0.5,0.356
365,2025,Shohei Ohtani,LAD,13,105,3.86,26,4,0,11,11,3,5,0,0,30,0.265,0.295,0.398,0.299
366,2025,Will Vest,DET,63,158,2.75,34,2,1,13,12,2,8,0,1,37,0.23,0.274,0.297,0.255
367,2025,Justin Garza,NYM,4,12,7.71,5,0,0,2,2,1,1,0,0,2,0.455,0.5,0.727,0.522
368,2025,Jhonny Pereda,ATH,3,10,36,5,3,0,4,4,0,2,0,0,1,0.625,0.7,1,0.69
369,2025,Bryan Baker,2 Tms,68,131,5.57,32,4,1,22,20,7,7,0,0,40,0.258,0.298,0.476,0.331
370,2025,Gerson Garabito,TEX,3,19,2.7,8,1,0,4,1,0,0,0,2,2,0.471,0.526,0.529,0.467
371,2025,Michael King,SDP,15,135,2.45,25,4,0,12,9,6,10,0,3,30,0.207,0.281,0.388,0.293
372,2025,Griffin Canning,NYM,16,156,3.65,33,6,1,16,15,3,15,0,0,29,0.236,0.31,0.357,0.296
373,2025,Kevin Ginkel,ARI,28,72,8.16,20,6,0,14,13,0,9,0,0,13,0.328,0.403,0.426,0.362
374,2025,Tanner Houck,BOS,9,88,6.23,20,3,0,15,15,3,5,0,1,15,0.247,0.295,0.395,0.3
375,2025,Corbin Martin,BAL,15,46,6.23,13,4,0,7,6,2,5,0,1,13,0.342,0.432,0.605,0.442
376,2025,Emmanuel Rivera,BAL,1,9,27,5,4,0,3,3,0,1,0,0,0,0.625,0.667,1.125,0.731
377,2025,Clarke Schmidt,NYY,14,154,2.23,26,3,1,10,10,3,10,0,0,33,0.182,0.234,0.28,0.228
378,2025,José Suarez,ATL,7,43,0.96,10,0,0,2,1,0,6,1,0,5,0.27,0.372,0.27,0.292
379,2025,Bryan Hudson,2 Tms,16,46,2.79,7,2,0,4,3,0,8,2,2,15,0.2,0.378,0.257,0.291
380,2025,Tony Santillan,CIN,73,140,1.56,22,3,0,8,6,2,13,0,1,34,0.175,0.257,0.246,0.232
381,2025,Luke Williams,ATL,6,13,3,4,1,0,1,1,1,0,0,0,2,0.308,0.308,0.615,0.389
382,2025,Ian Anderson,LAA,7,35,11.37,12,2,0,9,8,2,5,1,0,6,0.4,0.486,0.667,0.482
383,2025,Jesús Luzardo,PHI,32,585,4.47,133,27,0,73,68,14,50,0,3,148,0.251,0.318,0.381,0.308
384,2025,Joey Wentz,3 Tms,39,313,4.97,77,9,3,43,39,8,27,3,1,67,0.274,0.335,0.413,0.322
385,2025,Bryse Wilson,CHW,19,125,6.75,38,6,1,23,22,6,4,0,1,20,0.322,0.344,0.542,0.375
386,2025,Dylan Lee,ATL,70,147,4.14,31,5,0,19,17,8,7,1,0,41,0.223,0.26,0.432,0.294
387,2025,Tyler Wells,BAL,4,35,0,5,2,0,0,0,0,0,0,0,7,0.143,0.143,0.2,0.147
388,2025,John Schreiber,KCR,66,154,3.89,32,7,0,18,16,5,12,0,0,43,0.227,0.288,0.383,0.293
389,2025,Rico Garcia,3 Tms,27,71,3.18,19,2,0,6,6,2,2,0,0,15,0.275,0.296,0.391,0.299
390,2025,Darren McCaughan,MIN,3,18,2.25,5,1,0,1,1,0,1,0,0,5,0.294,0.333,0.353,0.304
391,2025,Adrian Morejon,SDP,67,164,1.55,32,4,1,11,7,2,14,3,0,36,0.216,0.284,0.297,0.254
392,2025,Sean Guenther,DET,9,22,3,3,0,0,2,2,0,3,0,0,4,0.158,0.273,0.158,0.215
393,2025,Kaleb Ort,HOU,49,120,3,19,4,0,11,10,3,18,1,0,33,0.188,0.311,0.317,0.284
394,2025,Bailey Falter,2 Tms,26,389,4.09,83,22,0,48,43,15,39,0,0,60,0.241,0.315,0.435,0.325
395,2025,Chris Paddack,2 Tms,33,325,5.28,85,17,1,48,45,13,16,0,0,58,0.281,0.311,0.474,0.333
396,2025,Calvin Faucher,MIA,58,125,4.6,27,0,0,17,15,5,13,0,1,30,0.245,0.328,0.382,0.314
397,2025,Nate Pearson,CHC,11,42,6.75,12,2,0,6,6,0,5,1,1,6,0.333,0.429,0.389,0.361
398,2025,Zach Pop,2 Tms,5,22,6.75,8,3,0,4,3,0,1,0,1,1,0.4,0.455,0.55,0.436
399,2025,Garrett Whitlock,BOS,61,157,2.89,30,5,0,13,12,1,14,1,2,50,0.214,0.293,0.271,0.256
400,2025,Ben Bowden,ATH,11,29,7.11,8,4,1,5,5,2,1,0,0,2,0.296,0.31,0.741,0.422
401,2025,Eli Morgan,CHC,7,17,14.73,6,1,0,6,6,2,2,1,0,1,0.4,0.471,0.867,0.542
402,2025,Griffin Jax,2 Tms,70,137,3.97,25,3,0,15,15,3,10,0,0,53,0.202,0.259,0.298,0.249
403,2025,Daysbel Hernández,ATL,38,91,3.15,20,3,0,9,7,2,13,0,1,15,0.263,0.378,0.382,0.342
404,2025,Jhonathan Díaz,SEA,1,3,0,0,0,0,0,0,0,0,0,0,1,0,0,0,0
405,2025,David Peterson,NYM,30,561,4.33,132,29,2,65,62,10,59,1,3,102,0.267,0.348,0.395,0.328
406,2025,Nick Raquet,STL,2,3,0,0,0,0,0,0,0,0,0,0,0,0,0,0,0
407,2025,Riley O'Brien,STL,42,114,2.67,22,1,1,8,8,2,13,0,3,18,0.224,0.333,0.316,0.298
408,2025,Zack Kelly,BOS,28,82,5.89,22,4,0,14,12,3,6,0,1,24,0.297,0.358,0.473,0.361
409,2025,Steven Wilson,CHW,58,150,2.21,24,5,0,9,9,2,13,1,2,33,0.186,0.26,0.271,0.235
410,2025,Bruce Zimmermann,MIL,1,18,0,3,0,0,0,0,0,0,0,0,1,0.167,0.167,0.167,0.147
411,2025,Andrés Muñoz,SEA,61,135,1.65,21,3,0,10,6,1,13,1,3,43,0.181,0.276,0.233,0.235
412,2025,Greg Weissert,BOS,71,165,3.79,36,9,0,19,17,5,7,0,3,36,0.235,0.28,0.392,0.292
413,2025,Tyler Zuber,2 Tms,9,36,11.88,10,4,0,11,11,2,1,0,0,11,0.294,0.306,0.588,0.37
414,2025,Isaac Mattson,PIT,43,106,2.22,15,0,0,7,7,2,5,1,1,27,0.155,0.198,0.216,0.181
415,2025,Jovani Morán,BOS,2,11,6.75,3,0,0,2,2,0,0,0,0,5,0.273,0.273,0.273,0.241
416,2025,Ryan Walker,SFG,66,145,3.78,31,6,0,18,14,2,11,1,4,26,0.244,0.319,0.339,0.292
417,2025,Casey Mize,DET,28,288,4.48,68,13,0,35,34,13,18,0,2,60,0.258,0.307,0.455,0.327
418,2025,Kyle Nelson,ARI,3,7,6.75,0,0,0,1,1,0,3,0,0,1,0,0.429,0,0.296
419,2025,Nick Sandlin,TOR,18,38,3.24,8,1,0,3,3,2,4,0,1,7,0.242,0.342,0.455,0.348
420,2025,Edwin Uceta,TBR,68,176,3,34,7,1,14,14,5,11,0,7,57,0.215,0.295,0.367,0.294
421,2025,Grant Anderson,MIL,66,193,2.72,39,5,0,22,14,6,14,0,1,44,0.223,0.283,0.354,0.281
422,2025,Bowden Francis,TOR,14,127,4.13,30,1,1,14,13,5,8,0,6,24,0.265,0.346,0.425,0.34
423,2025,Tyler Phillips,MIA,53,162,2.48,39,3,1,12,11,5,6,0,2,28,0.253,0.29,0.383,0.294
424,2025,Yusei Kikuchi,LAA,33,614,4.48,144,28,1,78,70,23,61,3,1,130,0.264,0.336,0.445,0.336
425,2025,Luis F. Castillo,SEA,2,28,7.2,7,0,0,5,4,0,6,0,0,5,0.333,0.481,0.333,0.382
426,2025,Félix Bautista,BAL,33,69,2.65,7,2,0,5,5,2,11,0,0,28,0.121,0.261,0.259,0.244
427,2025,Cristopher Sánchez,PHI,32,634,2.75,141,31,0,50,48,11,36,0,2,164,0.237,0.282,0.345,0.276
428,2025,Manuel Rodríguez,TBR,30,79,1.83,18,2,0,4,4,2,4,0,0,17,0.24,0.278,0.347,0.275
429,2025,Michael Petersen,2 Tms,13,42,2.7,10,2,0,4,3,0,3,0,0,9,0.263,0.317,0.316,0.284
430,2025,Elvin Rodríguez,2 Tms,7,59,10.66,17,2,0,15,15,7,6,0,1,10,0.327,0.407,0.769,0.486
431,2025,Eduard Bazardo,SEA,69,173,1.4,26,3,0,7,7,4,12,0,2,47,0.166,0.231,0.261,0.222
432,2025,Jhoan Duran,2 Tms,67,134,1.76,35,4,0,9,6,2,7,1,0,34,0.278,0.313,0.357,0.292
433,2025,Emmanuel Clase,CLE,46,113,3.71,25,4,0,14,11,2,7,0,4,30,0.253,0.319,0.354,0.297
434,2025,Seth Martinez,MIA,5,10,7.71,2,0,0,2,2,1,1,0,0,0,0.25,0.3,0.625,0.361
435,2025,Luis Gil,NYY,11,113,2.36,23,7,0,9,7,2,13,0,1,22,0.232,0.327,0.364,0.309
436,2025,Dauri Moreta,PIT,18,37,5.4,9,1,0,6,6,2,2,0,0,10,0.257,0.297,0.457,0.324
437,2025,Jose Espada,BAL,1,4,0,1,0,0,0,0,0,0,0,0,2,0.25,0.25,0.25,0.221
438,2025,Alexis Díaz,3 Tms,18,54,5.11,8,2,0,8,7,3,5,0,4,13,0.178,0.315,0.422,0.326
439,2025,Brooks Kriske,2 Tms,16,47,7.71,8,4,0,8,8,1,11,1,0,10,0.222,0.404,0.417,0.361
440,2025,Connor Brogdon,LAA,39,98,4.94,21,3,0,13,13,5,9,1,0,30,0.241,0.309,0.448,0.322
441,2025,J.P. France,HOU,2,14,2.7,2,1,0,1,1,0,2,0,0,5,0.167,0.286,0.25,0.251
442,2025,Bailey Ober,MIN,27,294,5.27,74,24,0,42,41,13,15,0,3,66,0.275,0.315,0.509,0.348
443,2025,Daniel Robert,PHI,15,32,8.44,9,1,1,6,5,2,7,0,0,9,0.36,0.5,0.72,0.505
444,2025,Allan Winans,NYY,3,24,6.75,6,0,0,5,4,1,1,0,1,2,0.286,0.333,0.429,0.328
445,2025,Jake Bird,2 Tms,45,136,3.6,32,5,1,14,12,3,13,1,2,36,0.267,0.346,0.4,0.326
446,2025,Lucas Gilbreath,COL,1,4,9,1,0,0,1,1,1,0,0,0,2,0.25,0.25,1,0.509
447,2025,Jacob Latz,TEX,33,231,2.47,51,11,2,16,15,4,27,2,0,53,0.25,0.338,0.382,0.316
448,2025,Tylor Megill,NYM,14,156,4.84,33,4,1,24,19,4,13,0,3,49,0.237,0.314,0.367,0.302
449,2025,Bennett Sousa,HOU,42,131,2.59,28,8,0,10,9,3,11,0,0,34,0.235,0.3,0.378,0.298
450,2025,Joe Ryan,MIN,31,333,3.27,59,12,0,33,31,10,18,0,7,110,0.193,0.252,0.331,0.257
451,2025,Yerry De los Santos,NYY,25,97,2.82,21,3,0,7,7,0,11,0,1,18,0.25,0.344,0.286,0.291
452,2025,Ryan Feltner,COL,6,67,4.86,16,4,0,10,9,2,2,0,0,12,0.25,0.269,0.406,0.288
453,2025,Davis Martin,CHW,26,294,4.04,67,13,3,36,32,8,18,1,4,57,0.248,0.303,0.407,0.307
454,2025,Konnor Pilkington,WSN,31,75,4.08,11,4,0,10,8,2,11,0,2,22,0.183,0.32,0.35,0.301
455,2025,Kris Bubic,KCR,20,374,2.46,78,16,1,28,25,5,32,1,1,94,0.23,0.297,0.327,0.277
456,2025,Cole Sands,MIN,64,148,4.14,33,8,2,20,17,3,8,0,1,38,0.241,0.284,0.394,0.292
457,2025,Sean Hjelle,SFG,11,39,6.75,9,2,0,7,7,1,3,0,0,8,0.265,0.316,0.412,0.313
458,2025,Stephen Kolek,2 Tms,18,210,3.04,47,2,1,19,18,2,8,0,6,29,0.242,0.29,0.294,0.262
459,2025,Jake Irvin,WSN,33,337,4.65,79,13,0,43,41,12,25,0,1,57,0.254,0.312,0.412,0.316
460,2025,Hogan Harris,ATH,45,172,2.88,33,8,0,13,13,3,20,4,0,43,0.22,0.308,0.333,0.277
461,2025,Daniel Lynch IV,KCR,54,165,3.23,38,9,0,14,14,5,15,0,1,23,0.259,0.329,0.422,0.328
462,2025,Chase Shugart,PIT,34,116,3.23,21,6,0,12,11,4,7,0,1,25,0.198,0.25,0.368,0.267
463,2025,Justin Hagenman,NYM,9,50,2.84,8,2,0,5,4,1,2,0,1,15,0.17,0.22,0.277,0.221
464,2025,Jackson Kowar,SEA,14,28,8.53,6,0,0,6,6,2,4,0,0,6,0.25,0.357,0.5,0.37
465,2025,Brendon Little,TOR,75,156,3.93,25,4,0,16,15,1,27,4,1,46,0.197,0.34,0.252,0.272
466,2025,Tristan Beck,SFG,31,119,3.68,27,5,1,12,12,3,6,0,0,23,0.241,0.277,0.384,0.286
467,2025,Grant Wolfram,BAL,21,77,6.89,20,5,0,13,12,2,9,1,0,12,0.294,0.377,0.456,0.36
468,2025,Elvis Peguero,2 Tms,8,28,8.53,6,1,0,7,6,1,3,0,1,3,0.25,0.357,0.417,0.343
469,2025,Elvis Alvarado,ATH,37,103,2.88,18,5,0,9,8,2,11,0,0,22,0.196,0.282,0.315,0.268
470,2025,Edward Cabrera,MIA,26,273,3.65,59,12,0,30,28,7,14,0,3,75,0.232,0.278,0.362,0.28
471,2025,Javier Assad,CHC,8,91,2.53,16,1,0,6,6,1,9,0,3,12,0.205,0.308,0.256,0.264
472,2025,Cole Ragans,KCR,13,186,4.89,39,10,0,25,25,7,12,0,0,78,0.227,0.274,0.407,0.293
473,2025,Mason Thompson,WSN,14,33,9.45,9,1,0,7,7,1,4,0,0,5,0.31,0.394,0.448,0.371
474,2025,George Soriano,MIA,24,87,4.26,18,2,1,10,9,2,11,0,2,15,0.25,0.36,0.389,0.334
475,2025,Gregory Santos,SEA,8,22,6.23,5,1,0,5,3,0,3,0,0,0,0.278,0.381,0.333,0.326
476,2025,Sauryn Lao,2 Tms,8,26,3.18,8,1,0,2,2,0,1,0,1,7,0.333,0.385,0.375,0.34
477,2025,Juan Morillo,ARI,37,85,4.74,24,4,1,13,10,2,8,0,0,17,0.32,0.386,0.48,0.376
478,2025,Joel Peguero,SFG,16,53,1.76,5,1,0,3,3,0,4,0,0,14,0.104,0.173,0.125,0.145
479,2025,Camilo Doval,2 Tms,67,150,2.88,29,4,0,14,11,2,20,0,2,36,0.23,0.342,0.31,0.3
480,2025,John King,STL,45,119,4.63,40,3,0,16,12,5,12,0,0,15,0.374,0.437,0.542,0.424
481,2025,José Soriano,LAA,31,329,4.11,78,13,1,40,35,5,32,0,2,76,0.268,0.344,0.371,0.318
482,2025,Cole Winn,TEX,33,99,1.93,10,2,0,7,6,2,6,0,3,23,0.114,0.194,0.205,0.186
483,2025,Max Kranick,NYM,23,67,3.24,16,1,0,6,6,1,2,0,0,9,0.25,0.269,0.313,0.254
484,2025,Easton McGee,MIL,8,25,4.05,5,0,0,3,3,0,2,0,0,5,0.227,0.28,0.227,0.232
485,2025,Hunter Greene,CIN,19,213,2.44,40,11,1,17,15,6,11,0,0,63,0.199,0.241,0.353,0.258
486,2025,Tobias Myers,MIL,22,124,3.07,31,4,1,11,10,4,6,0,1,21,0.265,0.306,0.419,0.315
487,2025,Ryan Rolison,COL,29,111,8.61,35,3,0,24,22,8,11,0,0,14,0.361,0.418,0.639,0.444
488,2025,MacKenzie Gore,WSN,30,503,3.4,114,21,0,44,44,15,50,0,5,131,0.259,0.337,0.409,0.327
489,2025,DL Hall,MIL,20,87,3.8,17,6,0,9,9,0,7,0,0,13,0.213,0.276,0.288,0.254
490,2025,Jeremiah Estrada,SDP,74,177,3.8,40,8,0,18,18,8,11,0,1,68,0.245,0.295,0.442,0.317
491,2025,Logan Gilbert,SEA,25,265,3.98,55,12,0,31,28,11,14,0,4,89,0.224,0.277,0.408,0.296
492,2025,Sean Reynolds,SDP,18,69,5.29,12,4,0,10,10,1,7,0,2,13,0.2,0.304,0.317,0.283
493,2025,Shane Baz,TBR,31,374,5.1,81,20,0,52,51,17,37,0,3,81,0.245,0.324,0.459,0.338
494,2025,Tarik Skubal,DET,31,599,2.42,110,21,2,48,42,17,31,0,3,196,0.196,0.241,0.332,0.25
495,2025,Owen White,CHW,3,21,2.25,9,2,0,1,1,0,1,0,0,4,0.45,0.476,0.55,0.446
496,2025,Matt Sauer,LAD,10,71,6,16,2,0,13,12,3,3,0,1,15,0.242,0.282,0.409,0.297
497,2025,Trevor Rogers,BAL,18,345,1.94,59,7,2,20,19,6,23,0,2,80,0.185,0.243,0.276,0.233
498,2025,Mason Englert,TBR,28,90,3.52,21,2,0,10,9,3,2,0,1,24,0.247,0.27,0.376,0.279
499,2025,Matthew Liberatore,STL,29,515,4.51,126,25,2,66,61,16,27,0,3,93,0.265,0.304,0.426,0.314
500,2025,Brenan Hanifee,DET,54,175,1.45,37,6,2,14,7,1,5,0,2,32,0.22,0.251,0.298,0.242
501,2025,Colin Holderman,PIT,24,80,7.71,24,4,0,15,14,3,8,0,2,10,0.348,0.425,0.536,0.414
502,2025,Josh Winckowski,BOS,6,32,1.17,5,1,0,2,1,0,3,0,1,5,0.185,0.281,0.222,0.237
503,2025,Logan Gillaspie,SDP,3,19,0,4,0,0,0,0,0,2,0,1,2,0.25,0.368,0.25,0.297
504,2025,Johan Oviedo,PIT,9,85,3.93,15,2,0,9,8,3,12,0,3,23,0.214,0.353,0.371,0.328
505,2025,Michel Otañez,ATH,6,20,17.18,7,1,1,7,7,2,3,0,0,4,0.412,0.5,0.941,0.582
506,2025,Taj Bradley,2 Tms,27,306,3.84,69,14,0,37,31,7,25,0,2,64,0.249,0.314,0.375,0.304
507,2025,Keider Montero,DET,20,202,3.88,49,6,0,22,21,6,8,0,2,46,0.255,0.292,0.38,0.294
508,2025,Carlos Hernández,3 Tms,40,104,4.97,24,3,0,14,14,2,6,0,1,23,0.247,0.298,0.34,0.283
509,2025,Angel Zerpa,KCR,66,161,5.59,44,14,0,23,23,4,12,0,1,34,0.303,0.356,0.483,0.36
510,2025,Roansy Contreras,2 Tms,5,26,8.44,8,1,0,5,5,2,1,0,1,3,0.333,0.385,0.625,0.429
511,2025,Oswald Peraza,LAA,2,10,47.25,6,1,0,7,7,1,0,0,1,0,0.667,0.7,1.111,0.754
512,2025,Yoendrys Gómez,3 Tms,20,116,2.7,23,3,1,8,8,1,12,0,1,27,0.228,0.313,0.307,0.281
513,2025,Carlos Vargas,SEA,64,189,4.95,54,8,0,24,22,6,15,2,7,29,0.327,0.404,0.485,0.385
514,2025,Dedniel Núñez,NYM,10,22,3,4,3,0,2,2,0,0,0,0,8,0.182,0.182,0.318,0.211
515,2025,Robinson Piña,2 Tms,2,6,18,3,0,0,2,2,1,0,0,0,1,0.5,0.5,1,0.634
516,2025,Eduardo Salazar,WSN,30,82,8.62,28,4,1,17,15,4,8,0,1,15,0.384,0.451,0.63,0.461
517,2025,Osvaldo Bido,ATH,25,209,5.48,53,12,1,30,27,9,23,1,6,27,0.299,0.394,0.531,0.395
518,2025,Eduarniel Núñez,2 Tms,10,33,3.38,5,1,1,3,3,0,6,0,2,6,0.208,0.394,0.333,0.336
519,2025,Steven Cruz,KCR,43,106,5.26,23,6,0,16,15,4,7,1,0,16,0.235,0.283,0.418,0.298
520,2025,Michael Mercado,PHI,3,11,9,3,0,0,2,2,0,2,0,0,2,0.375,0.455,0.375,0.366
521,2025,Juan Mejia,COL,54,135,2.36,24,7,1,12,9,3,8,0,4,48,0.198,0.267,0.347,0.269
522,2025,Cody Bolton,CLE,1,7,10.8,2,1,0,2,2,0,0,0,0,0,0.286,0.286,0.429,0.305
523,2025,Codi Heuer,2 Tms,3,10,3.38,1,0,0,1,1,1,1,0,0,3,0.111,0.2,0.444,0.273
524,2025,Janson Junk,MIA,21,212,4.09,48,13,0,27,25,2,3,0,1,41,0.236,0.246,0.33,0.248
525,2025,Collin Snider,SEA,23,66,2.87,14,4,1,7,5,1,4,0,0,13,0.237,0.281,0.39,0.288
526,2025,José Buttó,2 Tms,53,160,4.42,36,12,1,19,19,2,13,0,2,34,0.255,0.323,0.397,0.314
527,2025,Freddy Tarnok,MIA,5,9,0,0,0,0,0,0,0,2,0,0,2,0,0.222,0,0.154
528,2025,Joey Cantillo,CLE,31,288,2.93,53,15,0,27,23,7,26,0,0,81,0.204,0.274,0.342,0.272
529,2025,Robert Garcia,TEX,67,170,3.63,35,4,0,19,16,5,19,2,0,43,0.236,0.321,0.365,0.301
530,2025,PJ Poulin,WSN,27,67,3.6,14,1,0,6,6,0,7,0,2,12,0.25,0.343,0.268,0.284
531,2025,Max Lazar,PHI,31,92,4.5,22,4,0,12,11,4,7,0,0,11,0.262,0.315,0.452,0.33
532,2025,JP Sears,2 Tms,27,487,5.37,117,28,1,71,68,26,32,0,5,96,0.264,0.318,0.507,0.351
533,2025,Tom Cosgrove,CHC,2,14,0,2,0,0,0,0,0,1,0,0,3,0.154,0.214,0.154,0.175
534,2025,Hunter Stratton,2 Tms,14,49,3.75,9,1,0,6,5,2,4,0,1,8,0.209,0.286,0.372,0.288
535,2025,Cam Sanders,PIT,6,23,9,7,1,0,4,4,1,4,0,0,2,0.368,0.478,0.579,0.455
536,2025,Ron Marinaccio,SDP,7,30,1.13,4,0,0,1,1,0,2,0,0,9,0.148,0.2,0.148,0.164
537,2025,Keaton Winn,SFG,7,23,3.18,6,0,0,2,2,1,1,0,0,4,0.273,0.304,0.409,0.31
538,2025,Aaron Ashby,MIL,40,171,2.34,38,6,2,11,11,2,14,0,1,47,0.245,0.312,0.348,0.293
539,2025,Ben Brown,CHC,25,257,5.43,64,10,3,38,36,5,18,0,1,59,0.272,0.324,0.404,0.317
540,2025,Josh Walker,TOR,3,18,7.36,5,3,0,3,3,0,1,0,1,7,0.313,0.389,0.5,0.385
541,2025,Ezequiel Duran,TEX,4,8,0,1,0,0,0,0,0,0,0,0,0,0.125,0.125,0.125,0.11
542,2025,Luis Garcia,HOU,2,21,4.76,3,0,0,3,3,2,1,0,0,6,0.15,0.19,0.45,0.269
543,2025,Justin Bruihl,TOR,13,29,7.94,10,2,0,6,5,0,3,3,0,7,0.385,0.448,0.462,0.368
544,2025,Braxton Ashcraft,PIT,26,164,2.43,36,8,1,12,11,2,9,0,1,38,0.237,0.282,0.342,0.274
545,2025,Ryan Weathers,MIA,8,134,4.06,30,6,0,17,14,4,10,0,1,29,0.248,0.308,0.397,0.308
546,2025,Randy Dobnak,MIN,1,9,0,1,0,0,0,0,0,2,0,0,0,0.143,0.333,0.143,0.252
547,2025,Luarbert Arias,MIA,7,28,7.94,10,2,1,5,5,0,1,0,0,6,0.37,0.393,0.519,0.391
548,2025,Omar Cruz,SDP,2,10,10.8,2,0,0,2,2,0,3,0,0,2,0.286,0.5,0.286,0.384
549,2025,Valente Bellozo,MIA,32,179,3.05,34,5,0,16,15,6,11,0,3,32,0.213,0.271,0.356,0.274
550,2025,Brayan Bello,BOS,28,289,3.2,64,5,0,28,25,7,18,0,5,57,0.243,0.302,0.342,0.286
551,2025,Randy Rodríguez,SFG,45,94,3.22,22,5,0,10,8,2,4,0,1,29,0.25,0.287,0.375,0.288
552,2025,Jose A. Ferrer,WSN,69,214,5.81,62,9,2,33,31,2,14,1,5,45,0.323,0.38,0.422,0.351
553,2025,Ronny Henriquez,MIA,67,155,1.4,26,9,0,8,6,3,8,0,4,49,0.187,0.247,0.317,0.248
554,2025,Luis Peralta,COL,22,55,11.45,13,2,0,15,14,4,10,0,1,11,0.302,0.436,0.628,0.445
555,2025,Kai-Wei Teng,SFG,8,67,7.9,13,3,0,15,12,1,12,0,2,23,0.245,0.403,0.358,0.35
556,2025,Luinder Avila,KCR,12,31,2.45,5,2,0,2,2,0,4,0,0,9,0.192,0.29,0.269,0.255
557,2025,Justin Martinez,ARI,16,30,7.11,5,1,0,5,5,1,3,1,3,6,0.208,0.367,0.375,0.327
558,2025,Simeon Woods Richardson,MIN,23,239,4.47,49,10,1,30,28,9,22,0,2,59,0.229,0.305,0.411,0.312
559,2025,Lyon Richardson,CIN,34,103,3.13,19,7,0,14,8,0,13,1,1,19,0.224,0.32,0.306,0.278
560,2025,Kyle Bradish,BAL,6,53,2.4,8,0,0,4,4,1,1,0,1,21,0.157,0.189,0.216,0.182
561,2025,Joey Gerber,TBR,2,8,0,2,0,0,0,0,0,0,0,0,2,0.25,0.25,0.25,0.221
562,2025,Austin Cox,ATL,13,60,8.03,20,5,0,11,11,4,3,0,0,16,0.357,0.383,0.661,0.437
563,2025,Jonathan Bowlan,KCR,31,99,2.42,16,3,0,8,7,1,9,0,0,25,0.182,0.255,0.25,0.231
564,2025,Braydon Fisher,TOR,49,115,2.51,21,2,0,8,8,3,9,1,2,28,0.204,0.278,0.311,0.261
565,2025,Victor Vodnik,COL,45,100,2.42,20,5,0,9,7,2,7,0,0,27,0.217,0.27,0.337,0.266
566,2025,Ryan Fitzgerald,MIN,2,6,0,2,0,0,0,0,0,0,0,0,0,0.333,0.333,0.333,0.294
567,2025,Jonah Bride,MIN,4,25,12.27,10,2,0,5,5,0,2,0,2,1,0.476,0.56,0.571,0.496
568,2025,Luis Curvelo,TEX,16,45,8.1,11,2,0,10,9,3,4,0,0,11,0.268,0.333,0.537,0.371
569,2025,Randy Vásquez,SDP,28,291,3.68,62,11,0,32,30,8,18,0,4,41,0.232,0.289,0.363,0.286
570,2025,Mike Burrows,PIT,23,204,4.04,49,6,2,23,22,8,10,0,4,51,0.259,0.309,0.439,0.323
571,2025,Kyle Leahy,STL,61,200,3.08,44,9,0,19,17,2,9,0,1,43,0.238,0.27,0.319,0.257
572,2025,Ryan Fernandez,STL,30,81,6.5,22,3,1,13,13,4,6,0,1,18,0.297,0.358,0.527,0.379
573,2025,Lazaro Estrada,TOR,2,24,6,4,0,0,4,4,2,0,0,2,8,0.19,0.261,0.476,0.317
574,2025,Ethan Roberts,CHC,9,22,3.6,6,2,0,2,2,1,1,0,0,4,0.286,0.318,0.524,0.358
575,2025,Austin Warren,NYM,5,17,0,2,0,0,0,0,0,1,0,0,4,0.125,0.176,0.125,0.144
576,2025,Reese Olson,DET,13,154,3.86,34,8,0,16,16,2,15,0,1,34,0.246,0.325,0.348,0.301
577,2025,Cooper Criswell,BOS,7,50,4.76,14,1,0,8,6,3,4,0,0,6,0.311,0.36,0.533,0.379
578,2025,Shawn Dubin,2 Tms,30,87,5.21,25,4,0,11,11,4,6,0,2,16,0.316,0.379,0.519,0.388
579,2025,Erik Sabrowski,CLE,32,67,2.45,9,3,0,6,4,1,15,0,3,22,0.184,0.403,0.306,0.339
580,2025,Colin Selby,BAL,9,26,1.35,5,1,0,1,1,0,1,0,0,6,0.2,0.231,0.24,0.211
581,2025,Kody Funderburk,MIN,37,103,5.18,28,6,0,14,14,2,5,1,1,20,0.295,0.33,0.421,0.321
582,2025,Evan Sisk,2 Tms,17,44,5.4,11,2,1,6,6,1,3,0,1,11,0.275,0.341,0.45,0.343
583,2025,Alex Vesia,LAD,61,160,2.54,26,4,0,12,11,7,19,3,3,51,0.193,0.304,0.378,0.295
584,2025,Vinny Capra,CHW,3,10,0,3,0,0,1,0,0,0,0,0,1,0.3,0.3,0.3,0.265
585,2025,Jacob Lopez,ATH,21,314,4.81,65,10,1,42,39,14,31,0,5,88,0.234,0.322,0.428,0.328
586,2025,Tim Herrin,CLE,51,106,6.75,24,6,0,18,18,3,13,2,2,25,0.267,0.368,0.433,0.345
587,2025,Jayvien Sandridge,NYY,1,3,54,1,0,0,2,2,1,1,0,0,1,0.5,0.667,2,0.91
588,2025,Penn Murfee,CHW,14,44,5.19,14,3,0,5,5,2,4,0,0,7,0.35,0.409,0.575,0.421
589,2025,Yaramil Hiraldo,BAL,17,44,2.53,8,3,0,6,3,0,3,0,0,9,0.195,0.25,0.268,0.233
590,2025,Roddery Muñoz,STL,9,31,7.5,6,2,0,5,5,2,7,0,0,8,0.25,0.419,0.583,0.425
591,2025,Abner Uribe,MIL,71,166,2.25,32,2,0,13,11,3,11,0,1,49,0.211,0.268,0.283,0.249
592,2025,Nick Mears,MIL,58,126,3.09,24,4,2,13,11,2,7,0,1,30,0.212,0.254,0.336,0.253
593,2025,Brady Singer,CIN,32,312,3.45,62,15,2,31,29,4,23,0,6,63,0.222,0.293,0.333,0.278
594,2025,Sam Long,KCR,38,114,3.51,26,5,0,15,10,4,15,1,1,19,0.265,0.368,0.439,0.352
595,2025,Drew Rasmussen,TBR,31,263,2.62,49,5,0,21,20,7,15,0,1,49,0.198,0.247,0.304,0.244
596,2025,Ryan Zeferjahn,LAA,60,143,4.45,25,3,0,15,15,7,23,2,3,45,0.216,0.359,0.422,0.342
597,2025,Gavin Hollowell,CHC,7,25,5.06,5,0,0,3,3,0,5,0,0,6,0.25,0.4,0.25,0.315
598,2025,Will Wilson,CLE,1,3,27,1,0,0,2,2,1,0,0,0,0,0.333,0.333,1.333,0.679
599,2025,George Kirby,SEA,22,240,4.2,53,9,1,28,28,6,9,0,4,64,0.239,0.275,0.369,0.278
600,2025,Nathan Wiles,ATL,1,4,9,1,0,0,1,1,0,0,0,0,1,0.333,0.25,0.333,0.221
601,2025,Joe La Sorsa,CIN,5,20,11.57,6,2,0,7,6,2,2,0,0,0,0.333,0.4,0.778,0.486
602,2025,Paxton Schultz,TOR,13,53,2.92,14,5,0,7,4,3,1,0,1,12,0.28,0.302,0.56,0.36
603,2025,Korey Lee,CHW,2,6,9,2,0,0,1,1,0,2,0,0,0,0.5,0.667,0.5,0.525
604,2025,Matt Waldron,SDP,1,12,10.8,5,0,0,2,2,1,2,0,0,1,0.5,0.583,0.8,0.579
605,2025,Isaiah Campbell,BOS,6,23,8.44,8,0,1,5,5,1,0,0,1,3,0.364,0.391,0.591,0.419
606,2025,Nic Enright,CLE,26,74,0.95,11,2,0,2,2,1,9,0,1,18,0.172,0.284,0.25,0.251
607,2025,Brady Basso,ATH,11,39,3.68,9,2,0,4,3,0,7,1,0,4,0.281,0.41,0.344,0.338
608,2025,Sammy Peralta,LAA,5,34,9.45,10,3,0,8,7,0,4,3,0,2,0.345,0.412,0.448,0.343
609,2025,Xzavion Curry,MIA,3,9,9,2,0,0,3,2,0,1,0,0,1,0.25,0.333,0.25,0.273
610,2025,Luis Mey,CIN,21,55,3.65,11,1,0,5,5,3,8,0,1,10,0.244,0.364,0.467,0.36
611,2025,Hunter Gaddis,CLE,72,160,3.52,37,5,2,16,15,4,10,0,1,39,0.253,0.302,0.397,0.303
612,2025,Justin Slaten,BOS,36,77,2.33,17,3,0,7,5,2,3,1,0,15,0.233,0.26,0.356,0.261
613,2025,Ty Adcock,NYM,3,6,0,0,0,0,0,0,0,1,0,0,2,0,0.167,0,0.115
614,2025,Kevin Kelly,TBR,39,97,4.37,26,5,1,12,11,5,5,0,0,17,0.286,0.32,0.527,0.358
615,2025,Zak Kent,CLE,11,34,4.32,7,1,0,4,4,0,2,0,1,6,0.226,0.294,0.258,0.254
616,2025,Matt Brash,SEA,46,103,2.96,20,3,0,9,8,3,12,1,1,28,0.23,0.33,0.368,0.309
617,2025,Randy Wynne,CIN,1,6,0,2,1,0,0,0,0,0,0,0,1,0.333,0.333,0.5,0.356
618,2025,Jared Triolo,PIT,1,6,0,3,1,0,2,0,1,1,0,0,0,0.6,0.667,1.4,0.811
619,2025,Luis Contreras,HOU,9,29,8.59,4,1,0,7,7,2,4,0,0,7,0.16,0.276,0.44,0.309
620,2025,Noah Davis,2 Tms,8,37,8.59,11,1,0,7,7,1,3,0,2,11,0.344,0.432,0.469,0.399
621,2025,Connor Thomas,MIL,2,18,27,6,2,0,9,9,2,1,0,1,4,0.4,0.444,0.933,0.542
622,2025,Hunter Brown,HOU,31,352,2.18,68,10,0,25,22,8,17,0,6,91,0.208,0.26,0.312,0.254
623,2025,Bryan King,HOU,66,196,2.32,38,3,0,13,13,7,6,0,3,53,0.204,0.24,0.333,0.25
624,2025,Yennier Cano,BAL,62,144,2.88,32,2,0,13,11,3,12,0,2,33,0.252,0.324,0.339,0.297
625,2025,Casey Legumina,SEA,46,118,5.06,27,4,0,20,15,3,11,1,2,32,0.262,0.342,0.388,0.32
626,2025,Josh Simpson,MIA,31,79,7.47,22,1,1,16,13,2,11,2,1,19,0.328,0.43,0.463,0.386
627,2025,Quinn Priester,MIL,29,350,2.99,78,17,0,32,29,11,20,0,3,74,0.241,0.289,0.395,0.297
628,2025,Seth Johnson,PHI,9,28,4.05,7,2,0,5,3,1,0,0,0,7,0.25,0.25,0.429,0.288
629,2025,Tyler Owens,DET,3,9,0,2,0,0,0,0,0,1,0,0,1,0.25,0.333,0.25,0.273
630,2025,Anthony Maldonado,ATH,5,25,15.43,9,3,0,8,8,3,2,0,0,6,0.391,0.44,0.913,0.556
631,2025,Sawyer Gipson-Long,DET,8,63,10.95,21,1,0,16,15,8,3,0,2,7,0.368,0.413,0.807,0.503
632,2025,Brandon Walter,HOU,9,173,3.53,40,8,1,17,17,9,3,0,2,46,0.24,0.262,0.461,0.307
633,2025,Easton Lucas,TOR,6,81,8,22,4,0,16,16,5,7,0,0,14,0.306,0.358,0.569,0.389
634,2025,Beau Brieske,DET,21,53,10.13,15,3,0,14,12,5,6,0,0,8,0.333,0.404,0.733,0.467
635,2025,Andre Pallante,STL,31,368,5.33,89,13,2,55,49,11,32,0,5,51,0.275,0.345,0.429,0.337
636,2025,Austin Pope,ARI,1,5,0,1,0,0,0,0,0,0,0,0,1,0.2,0.2,0.2,0.176
637,2025,Jack Little,LAD,2,9,3.86,1,0,0,1,1,0,1,0,1,2,0.143,0.333,0.143,0.255
638,2025,Connor Gillispie,MIA,6,57,6.35,16,7,0,8,8,1,5,0,1,7,0.314,0.386,0.51,0.387
639,2025,Kade Strowd,BAL,25,68,1.08,10,0,0,2,2,1,11,0,1,11,0.179,0.324,0.232,0.269
640,2025,Andrew Saalfrank,ARI,27,77,1.29,13,2,0,4,3,1,3,0,0,14,0.181,0.208,0.25,0.201
641,2025,Chris Murphy,BOS,22,94,4.09,12,1,0,10,10,3,13,1,4,17,0.158,0.309,0.289,0.275
642,2025,Jackson Rutledge,WSN,61,188,4,42,8,0,22,20,5,11,0,4,47,0.249,0.305,0.385,0.301
643,2025,Ryan Pepiot,TBR,31,361,4.45,85,14,2,46,42,16,28,0,4,78,0.26,0.325,0.462,0.34
644,2025,Tyler Holton,DET,68,173,4.75,41,5,0,23,22,11,11,1,0,30,0.259,0.304,0.5,0.339
645,2025,Orlando Ribalta,WSN,22,69,5.02,16,3,0,8,8,4,8,0,1,15,0.271,0.362,0.525,0.378
646,2025,Erik Miller,SFG,35,80,1.5,16,5,0,3,3,0,13,4,1,11,0.25,0.38,0.328,0.305
647,2025,Ryne Nelson,ARI,32,334,4.44,74,19,4,40,40,12,21,0,1,78,0.239,0.287,0.442,0.312
648,2025,Caleb Freeman,CHW,5,9,0,1,0,0,0,0,0,1,0,0,2,0.143,0.25,0.143,0.197
649,2025,Joey Estes,ATH,3,30,15.88,12,3,0,10,10,3,1,0,1,3,0.462,0.467,0.923,0.553
650,2025,Hunter Bigge,TBR,13,35,3.24,7,0,0,3,3,3,3,0,1,6,0.226,0.314,0.516,0.355
651,2025,Drey Jameson,ARI,2,5,27,2,1,0,1,1,0,2,0,0,0,0.667,0.8,1,0.703
652,2025,Tommy Henry,ARI,2,18,4.15,4,0,0,2,2,2,1,0,1,6,0.267,0.353,0.667,0.427
653,2025,Bryan Hoeing,SDP,7,21,7.36,7,2,1,3,3,0,2,0,0,3,0.389,0.429,0.611,0.429
654,2025,Taylor Rashi,ARI,10,41,3.52,12,3,0,3,3,0,6,0,0,12,0.343,0.439,0.429,0.386
655,2025,Marc Church,TEX,5,11,3.86,1,1,0,1,1,0,4,0,0,1,0.167,0.455,0.333,0.365
656,2025,Nick Lodolo,CIN,29,498,2.94,100,18,0,42,41,19,22,1,9,128,0.216,0.265,0.377,0.279
657,2025,Porter Hodge,CHC,34,86,7.91,22,4,1,17,17,6,10,0,0,24,0.297,0.372,0.622,0.412
658,2025,Bradley Blalock,COL,14,123,9.45,39,3,0,28,28,9,9,0,0,11,0.351,0.39,0.622,0.424
659,2025,Cody Laweryson,MIN,4,8,3.86,1,0,0,2,1,0,0,0,0,2,0.167,0.143,0.167,0.126
660,2025,Ryan Gusto,2 Tms,27,214,4.25,46,8,1,27,25,3,11,0,5,45,0.236,0.29,0.333,0.275
661,2025,Sam Aldegheri,LAA,4,48,8.31,14,3,0,9,8,2,5,0,4,7,0.368,0.479,0.605,0.461
662,2025,Trevor McDonald,SFG,3,36,0,6,1,0,3,0,1,0,0,0,10,0.167,0.167,0.278,0.189
663,2025,Alex Carrillo,NYM,3,14,20.25,5,1,0,6,6,3,2,0,0,1,0.417,0.5,1.25,0.688
664,2025,Jayden Murray,HOU,9,28,2.7,7,0,0,2,2,0,2,0,0,6,0.269,0.321,0.269,0.27
665,2025,Wikelman González,CHW,14,37,0.96,5,1,0,2,1,0,4,0,0,13,0.156,0.243,0.188,0.204
666,2025,Angel Chivilli,COL,43,167,7.2,50,6,0,31,28,8,13,0,4,28,0.333,0.401,0.533,0.404
667,2025,Edgardo Henriquez,LAD,21,54,2.13,12,1,0,3,3,0,4,0,0,11,0.24,0.296,0.26,0.254
668,2025,Anthony Molina,COL,17,83,5.12,24,3,0,12,11,4,1,0,2,15,0.308,0.329,0.5,0.354
669,2025,Juan Burgos,2 Tms,12,43,4.5,10,2,0,5,5,2,6,0,0,10,0.27,0.372,0.486,0.373
670,2025,Rolddy Muñoz,ATL,3,11,13.5,2,0,0,2,2,0,4,0,2,1,0.4,0.727,0.4,0.543
671,2025,Anthony Veneziano,2 Tms,25,50,6.3,11,4,1,7,7,1,7,0,0,9,0.262,0.36,0.476,0.358
672,2025,Garrett Crochet,BOS,32,663,2.8,141,23,2,54,51,21,42,0,2,209,0.229,0.279,0.374,0.286
673,2025,Reid Detmers,LAA,60,184,4.2,37,8,0,21,21,6,17,3,0,59,0.223,0.293,0.38,0.288
674,2025,Emerson Hancock,SEA,21,181,4.4,46,11,0,23,21,3,8,0,4,28,0.274,0.32,0.393,0.312
675,2025,Jared Shuster,CHW,12,53,8.38,19,8,0,10,9,0,4,2,1,10,0.396,0.453,0.563,0.428
676,2025,Cade Cavalli,WSN,10,95,6.11,32,3,1,14,12,3,7,0,3,13,0.381,0.442,0.548,0.427
677,2025,Max Meyer,MIA,12,142,6.07,41,7,0,22,20,7,11,0,1,30,0.315,0.373,0.531,0.389
678,2025,Bryce Jarvis,ARI,10,46,12.1,12,4,0,13,13,3,5,0,1,12,0.3,0.391,0.625,0.429
679,2025,Cole Wilcox,TBR,1,8,40.5,3,1,0,5,3,0,1,0,0,1,0.429,0.5,0.571,0.464
680,2025,Bobby Miller,LAD,2,13,5.4,6,1,0,1,1,0,1,0,1,3,0.545,0.615,0.636,0.544
681,2025,Landon Knack,LAD,10,83,7.36,21,2,0,17,15,8,7,0,2,11,0.284,0.361,0.635,0.419
682,2025,Clayton Beeter,2 Tms,26,53,1.98,6,0,0,3,3,0,7,0,0,20,0.136,0.25,0.136,0.195
683,2025,Spencer Strider,ATL,23,252,3.73,57,16,0,26,25,9,21,0,3,70,0.251,0.321,0.441,0.331
684,2025,Slade Cecconi,CLE,23,271,4.92,69,15,1,36,35,11,13,1,3,48,0.273,0.315,0.47,0.336
685,2025,Carson Ragsdale,BAL,2,13,11.57,6,1,0,3,3,1,1,0,0,3,0.5,0.538,0.833,0.578
686,2025,Jared Koenig,MIL,65,161,4.03,36,6,0,17,17,6,15,1,2,40,0.252,0.331,0.42,0.327
687,2025,Graham Ashcraft,CIN,59,158,3.12,42,15,0,15,12,0,14,0,0,35,0.298,0.361,0.404,0.337
688,2025,Cole Henry,WSN,56,143,3.66,26,3,0,14,13,3,18,0,5,29,0.22,0.345,0.322,0.307
689,2025,Carmen Mlodzinski,PIT,34,213,3.26,55,9,1,19,18,4,16,0,2,44,0.282,0.343,0.4,0.327
690,2025,Hayden Wesneski,HOU,6,77,5.68,18,4,0,12,12,5,2,0,1,19,0.25,0.28,0.514,0.337
691,2025,Davis Daniel,ATL,3,31,7.11,6,0,1,5,5,1,5,0,1,7,0.261,0.387,0.478,0.366
692,2025,Logan Allen,CLE,30,537,4.3,130,29,0,65,58,14,49,1,5,87,0.273,0.344,0.421,0.334
693,2025,Jake Eder,LAA,8,47,4.66,11,3,0,5,5,1,8,1,0,10,0.282,0.404,0.436,0.365
694,2025,Eric Orze,TBR,32,84,3.38,20,5,0,8,7,2,8,0,3,20,0.274,0.369,0.425,0.351
695,2025,Mitchell Parker,WSN,33,538,5.76,134,37,1,89,79,19,39,0,3,79,0.273,0.327,0.469,0.341
696,2025,Luis Ortiz,CLE,16,184,3.77,42,3,1,18,18,3,16,0,1,46,0.253,0.321,0.337,0.294
697,2025,Connor Phillips,CIN,21,57,1.15,5,1,0,3,2,1,5,0,1,18,0.1,0.193,0.18,0.177
698,2025,Christian Koss,SFG,4,8,0,3,0,0,0,0,0,0,0,0,0,0.375,0.375,0.375,0.331
699,2025,Christian Roa,MIA,2,6,0,0,0,0,0,0,0,2,0,0,3,0,0.333,0,0.23
700,2025,Brandon Eisert,CHW,68,166,4.78,39,14,1,20,20,7,19,6,0,43,0.269,0.349,0.524,0.359
701,2025,Tanner Gordon,COL,15,159,6.49,50,10,2,29,25,6,6,0,2,26,0.333,0.365,0.547,0.388
702,2025,Carson Spiers,CIN,3,29,5.63,5,0,0,5,5,3,1,0,0,9,0.192,0.214,0.538,0.306
703,2025,Jack Kochanowicz,LAA,23,207,5.44,54,7,0,30,26,4,23,0,5,28,0.309,0.396,0.417,0.359
704,2025,Louis Varland,2 Tms,73,164,2.08,34,10,0,11,9,2,16,1,1,46,0.236,0.315,0.347,0.293
705,2025,Justin Sterner,ATH,57,158,2.43,34,5,0,10,10,6,12,0,3,43,0.241,0.312,0.404,0.314
706,2025,Brian Van Belle,TBR,4,17,2.08,5,1,0,1,1,1,0,0,0,4,0.294,0.294,0.529,0.349
707,2025,Brent Headrick,NYY,17,52,1.38,8,3,0,2,2,0,5,1,0,18,0.17,0.25,0.234,0.214
708,2025,Mitch Spence,ATH,31,202,4.21,46,10,0,29,22,8,15,2,3,32,0.254,0.318,0.442,0.325
709,2025,Bailey Horn,DET,10,24,0,3,0,0,0,0,0,3,0,0,6,0.143,0.25,0.143,0.197
710,2025,Mick Abel,2 Tms,10,77,5,18,2,1,11,10,1,7,0,1,14,0.261,0.338,0.362,0.312
711,2025,Kyle Harrison,2 Tms,11,109,2.63,24,7,0,7,7,1,14,1,1,28,0.255,0.358,0.362,0.321
712,2025,Yosver Zulueta,CIN,7,18,8.1,3,0,0,3,3,0,4,0,0,3,0.231,0.412,0.231,0.318
713,2025,Eury Pérez,MIA,20,167,3.76,31,11,0,17,17,5,13,0,2,45,0.204,0.275,0.375,0.285
714,2025,Kyle Nicolas,PIT,30,97,5.56,22,3,0,14,14,3,7,0,0,17,0.247,0.299,0.382,0.297
715,2025,Bryce Elder,ATL,28,344,6.9,96,21,0,59,59,14,19,0,4,64,0.301,0.348,0.498,0.365
716,2025,Brandon Pfaadt,ARI,32,351,5.18,97,26,2,50,47,12,15,0,1,73,0.291,0.322,0.489,0.346
717,2025,Zach Brzykcy,WSN,24,58,11.57,18,3,0,15,15,4,3,0,2,10,0.34,0.397,0.623,0.433
718,2025,Will Klein,LAD,14,30,3.86,8,2,0,4,2,0,7,0,1,7,0.364,0.533,0.455,0.445
719,2025,Dugan Darnell,COL,9,28,6.35,9,2,0,4,4,1,5,0,0,2,0.391,0.5,0.609,0.475
720,2025,Brandon Young,BAL,11,112,7.16,27,6,0,23,22,6,6,0,0,24,0.262,0.297,0.495,0.334
721,2025,Cade Smith,CLE,71,158,1.98,34,12,0,13,8,1,10,1,4,47,0.239,0.306,0.345,0.287
722,2025,J.T. Ginn,ATH,23,207,3.78,37,7,0,23,22,7,12,0,3,65,0.193,0.251,0.339,0.26
723,2025,Noah Murdock,ATH,14,67,15.09,19,6,0,19,19,0,13,0,1,14,0.358,0.493,0.472,0.428
724,2025,Daniel Palencia,CHC,52,109,1.52,22,3,0,6,5,1,2,0,2,32,0.21,0.239,0.267,0.225
725,2025,Ian Seymour,TBR,19,163,3.75,35,6,0,23,15,2,14,0,2,42,0.243,0.315,0.326,0.287
726,2025,Andry Lara,WSN,9,48,11.25,20,4,0,10,10,2,3,0,1,4,0.476,0.511,0.714,0.516
727,2025,Cristian Mena,ARI,2,12,3.38,2,0,0,1,1,1,2,0,0,2,0.2,0.333,0.5,0.359
728,2025,Luke Little,CHC,2,9,4.5,1,0,0,2,1,0,2,0,0,2,0.167,0.375,0.167,0.283
729,2025,Javier Sanoja,MIA,8,35,18,14,2,0,14,14,4,3,0,0,0,0.438,0.486,0.875,0.565
730,2025,Bradgley Rodriguez,SDP,7,20,2.08,4,1,0,1,1,0,2,0,3,4,0.267,0.45,0.333,0.372
731,2025,Yilber Díaz,ARI,1,8,27,3,1,0,2,2,0,3,0,0,1,0.6,0.75,0.8,0.636
732,2025,Gordon Graceffo,STL,26,111,6.65,30,7,3,18,17,2,9,0,2,22,0.303,0.369,0.495,0.371
733,2025,Ryan Loutos,2 Tms,12,39,12.27,12,1,0,11,10,3,4,0,1,3,0.364,0.436,0.667,0.459
734,2025,Fraser Ellard,CHW,17,39,5.59,5,0,0,7,6,1,7,0,1,12,0.161,0.333,0.258,0.285
735,2025,Andre Granillo,STL,14,54,2.7,10,2,1,4,4,3,5,0,1,10,0.213,0.302,0.489,0.338
736,2025,Patrick Monteverde,MIA,1,11,3.86,4,1,0,1,1,0,1,0,0,2,0.4,0.455,0.5,0.417
737,2025,Chase Lee,DET,31,85,4.71,21,4,1,11,11,6,4,0,2,22,0.273,0.318,0.584,0.375
738,2025,Joe Boyle,TBR,13,106,3.65,20,5,0,12,10,3,13,0,3,26,0.222,0.34,0.378,0.322
739,2025,Kyle Backhus,ARI,31,74,6.28,23,5,1,11,10,2,4,0,3,12,0.365,0.417,0.571,0.418
740,2025,Alek Jacob,SDP,29,96,4.5,22,5,0,10,10,4,10,0,6,18,0.275,0.396,0.488,0.387
741,2025,Matt Svanson,STL,39,140,2.45,24,3,1,11,10,3,8,0,1,39,0.186,0.236,0.295,0.234
742,2025,Andrew Hoffmann,2 Tms,11,37,9.45,10,4,0,9,7,1,5,0,0,9,0.313,0.405,0.531,0.403
743,2025,Sam Bachman,LAA,22,53,5.25,13,2,0,8,7,0,2,0,1,10,0.265,0.308,0.306,0.275
744,2025,Mason Montgomery,TBR,53,130,5.2,36,5,0,19,16,5,16,0,1,39,0.327,0.414,0.509,0.4
745,2025,Robert Gasser,MIL,2,20,5.4,5,1,0,5,2,1,2,0,2,4,0.313,0.45,0.563,0.438
746,2025,Bryce Miller,SEA,18,221,6,54,13,0,34,34,7,16,0,3,44,0.274,0.333,0.447,0.337
747,2025,Emmet Sheehan,LAD,15,180,3.38,33,7,1,20,17,4,9,0,1,55,0.196,0.239,0.321,0.244
748,2025,Ryan Bergert,2 Tms,19,139,3.18,25,4,0,12,12,4,14,0,1,33,0.205,0.29,0.336,0.279
749,2025,Chayce McDermott,BAL,4,27,18,7,2,0,8,8,0,6,0,1,4,0.389,0.538,0.5,0.453
750,2025,Bubba Chandler,PIT,7,63,3.77,15,3,0,6,6,1,2,0,3,15,0.259,0.317,0.362,0.302
751,2025,Michael McGreevy,STL,17,210,3.23,45,7,2,22,20,3,6,0,2,31,0.225,0.255,0.325,0.254
752,2025,Sean Burke,CHW,28,296,5.24,70,20,0,40,39,11,23,0,5,60,0.263,0.331,0.462,0.342
753,2025,Andrew Abbott,CIN,29,510,3.04,110,19,1,48,42,17,34,0,2,109,0.234,0.287,0.387,0.293
754,2025,Andrew Alvarez,WSN,5,83,2.25,12,2,0,7,5,1,10,0,0,16,0.164,0.265,0.233,0.234
755,2025,Spencer Arrighetti,HOU,7,75,5.4,12,1,0,11,11,3,9,0,2,15,0.19,0.307,0.349,0.295
756,2025,Dylan Dodd,ATL,25,84,1.93,13,4,0,5,5,2,1,0,1,23,0.16,0.179,0.284,0.198
757,2025,Jordan Leasure,CHW,66,161,3.63,28,9,1,18,16,4,16,0,1,49,0.196,0.28,0.357,0.28
758,2025,AJ Smith-Shawver,ATL,9,84,2.65,21,4,1,5,5,1,12,0,1,16,0.3,0.41,0.429,0.372
759,2025,Grant Holman,ATH,21,60,8.31,16,2,0,13,12,2,5,0,1,10,0.296,0.367,0.444,0.356
760,2025,McCade Brown,COL,7,63,7.63,13,4,0,13,13,3,6,0,0,14,0.232,0.302,0.464,0.326
761,2025,Joe Rock,TBR,3,18,4.15,3,0,0,2,2,1,1,0,0,6,0.176,0.222,0.353,0.25
762,2025,Cade Povich,BAL,22,372,5.25,95,16,1,52,50,13,33,2,1,86,0.284,0.348,0.454,0.346
763,2025,David Festa,MIN,11,115,5.13,27,2,0,16,15,7,9,0,2,26,0.262,0.33,0.485,0.351
764,2025,Chase Silseth,LAA,10,31,0,5,1,0,0,0,0,2,0,0,10,0.179,0.226,0.214,0.199
765,2025,Landen Roupp,SFG,21,219,3.83,55,9,0,27,21,6,15,0,1,54,0.275,0.326,0.41,0.321
766,2025,Carson Seymour,SFG,16,80,4.26,16,1,0,11,9,6,7,0,1,16,0.222,0.3,0.486,0.337
767,2025,Ben Casparius,LAD,46,196,5.79,45,14,1,31,30,6,9,0,2,41,0.246,0.287,0.432,0.309
768,2025,Jordan Wicks,CHC,8,42,6.52,13,5,0,8,7,1,1,0,0,11,0.325,0.341,0.525,0.37
769,2025,Mike Vasil,CHW,46,218,2.61,38,9,1,17,15,3,27,1,4,43,0.204,0.318,0.312,0.287
770,2025,Chad Patrick,MIL,27,266,4.23,57,9,0,31,31,10,18,1,1,71,0.233,0.287,0.392,0.294
771,2025,Robert Suarez,SDP,66,132,2.17,19,2,0,9,9,4,3,0,1,41,0.15,0.176,0.26,0.19
772,2025,Gavin Williams,CLE,31,341,3.14,79,12,1,31,27,10,35,0,3,80,0.262,0.343,0.407,0.331
773,2025,Brant Hurter,DET,42,160,2.7,38,5,0,17,11,4,15,3,3,41,0.27,0.35,0.39,0.321
774,2025,Tanner Bibee,CLE,31,349,4.25,82,12,0,45,39,13,21,0,5,73,0.255,0.311,0.414,0.317
775,2025,Doug Nikhazy,CLE,2,16,6,2,1,0,2,2,0,5,0,0,3,0.182,0.438,0.273,0.349
776,2025,Dylan Smith,DET,7,30,2.57,5,1,0,2,2,0,5,0,2,3,0.217,0.4,0.261,0.323
777,2025,Jack Leiter,TEX,29,319,4.52,74,15,0,37,36,8,32,0,4,69,0.263,0.345,0.402,0.329
778,2025,Dom Hamel,NYM,1,4,0,2,0,0,0,0,0,0,0,1,0,0.667,0.75,0.667,0.622
779,2025,Richard Fitts,BOS,11,113,5,26,2,0,17,15,7,4,0,3,24,0.25,0.295,0.471,0.328
780,2025,Carlos Rodriguez,MIL,4,28,5.06,7,2,0,3,3,1,6,0,0,5,0.318,0.464,0.545,0.436
781,2025,Chase Petty,CIN,3,27,33,12,3,0,12,11,3,6,0,1,3,0.6,0.704,1.2,0.742
782,2025,Mason Black,SFG,1,12,0,3,1,1,2,0,1,0,0,0,2,0.25,0.25,0.75,0.406
783,2025,Pierson Ohl,MIN,13,58,7.82,19,4,1,14,11,3,4,0,0,15,0.352,0.397,0.63,0.434
784,2025,Travis Adams,MIN,16,68,7.31,12,2,0,14,13,3,6,0,1,14,0.211,0.284,0.404,0.293
785,2025,Will Warren,NYY,32,315,4.23,67,16,1,43,36,10,18,0,4,92,0.232,0.283,0.398,0.294
786,2025,Noah Cameron,KCR,24,421,2.96,89,12,1,34,34,13,34,1,2,87,0.231,0.297,0.369,0.293
787,2025,Jackson Jobe,DET,10,114,4.94,28,5,0,13,13,3,16,0,2,20,0.295,0.404,0.442,0.373
788,2025,Christian Montes De Oca,ARI,1,5,0,0,0,0,0,0,0,1,0,0,1,0,0.2,0,0.138
789,2025,Spencer Bivens,SFG,54,178,3.59,43,8,3,18,17,3,9,0,4,36,0.264,0.316,0.405,0.314
790,2025,Hunter Dobbins,BOS,13,132,4.45,30,6,0,17,16,3,9,0,2,25,0.248,0.311,0.372,0.302
791,2025,Jack Dreyer,LAD,65,200,3.42,39,13,1,19,19,3,13,4,0,51,0.214,0.263,0.346,0.256
792,2025,Jaden Hill,COL,28,68,2.16,13,3,1,7,4,1,5,0,1,18,0.213,0.279,0.344,0.274
793,2025,Bryan Woo,SEA,30,360,3.1,70,11,0,33,32,14,12,0,1,109,0.203,0.232,0.357,0.254
794,2025,Didier Fuentes,ATL,4,39,14.85,13,0,0,11,11,3,3,0,2,9,0.394,0.462,0.667,0.473
795,2025,Luis Guerrero,BOS,13,43,2.38,3,1,0,3,3,0,8,0,0,8,0.086,0.256,0.114,0.199
796,2025,Justin Wrobleski,LAD,24,199,3.52,51,13,0,20,18,3,13,1,1,54,0.279,0.327,0.399,0.315
797,2025,Chris Roycroft,STL,20,64,7.24,16,4,1,14,11,2,7,1,0,8,0.291,0.365,0.509,0.367
798,2025,Colton Gordon,HOU,20,301,5.87,82,20,1,47,45,19,14,2,2,53,0.294,0.328,0.577,0.378
799,2025,Gunnar Hoglund,ATH,6,69,7.53,21,4,0,12,12,6,7,0,0,9,0.344,0.406,0.705,0.461
800,2025,Ben Joyce,LAA,5,7,13.5,2,1,0,3,2,1,0,0,0,0,0.286,0.286,0.857,0.47
801,2025,Jack Perkins,ATH,12,78,2.89,12,1,0,6,6,2,11,0,0,15,0.179,0.295,0.284,0.268
802,2025,Logan Henderson,MIL,5,39,0.87,8,0,0,1,1,0,2,0,0,15,0.216,0.256,0.216,0.216
803,2025,Michael Darrell-Hicks,2 Tms,7,29,7.94,8,1,0,5,5,0,4,0,1,2,0.364,0.448,0.409,0.376
804,2025,Caden Dana,LAA,7,75,6.23,18,1,0,12,12,5,8,0,1,13,0.277,0.36,0.523,0.377
805,2025,Victor Mederos,LAA,5,36,3.52,8,0,2,3,3,0,4,0,2,6,0.276,0.389,0.414,0.352
806,2025,Zach Agnos,COL,29,71,5.71,14,5,0,12,11,3,8,0,0,8,0.23,0.314,0.459,0.331
807,2025,Mason Fluharty,TOR,54,113,5.2,20,1,0,17,16,4,13,3,1,22,0.202,0.301,0.333,0.275
808,2025,Paul Gervase,2 Tms,6,23,1.69,4,1,0,1,1,0,3,0,0,5,0.2,0.304,0.25,0.26
809,2025,Jake Palisch,CHW,1,5,27,3,1,0,2,2,0,0,0,0,0,0.6,0.6,0.8,0.603
810,2025,Zach Maxwell,CIN,8,28,7.5,8,1,0,5,5,3,3,0,0,6,0.32,0.393,0.72,0.463
811,2025,Carson Palmquist,COL,9,128,9,31,7,0,27,26,7,18,0,2,15,0.304,0.398,0.578,0.406
812,2025,David Morgan,SDP,39,119,1.71,22,2,1,6,6,4,9,0,0,37,0.2,0.261,0.345,0.266
813,2025,Jacob Misiorowski,MIL,15,133,3.51,24,4,1,13,13,2,14,0,2,33,0.205,0.301,0.308,0.277
814,2025,Hayden Birdsong,SFG,21,152,3.57,27,3,0,16,14,3,16,0,4,35,0.206,0.309,0.298,0.279
815,2025,Carson Whisenhunt,SFG,5,70,6.75,16,4,0,12,11,5,12,0,1,8,0.281,0.414,0.614,0.434
816,2025,Shane Smith,CHW,29,278,3.63,49,11,0,32,27,4,26,1,8,67,0.204,0.301,0.3,0.273
817,2025,Blade Tidwell,NYM,4,47,7.27,15,2,0,7,7,2,5,0,1,6,0.366,0.447,0.561,0.435
818,2025,Jonathan Cannon,CHW,22,228,5.64,54,11,1,34,33,9,15,0,4,37,0.261,0.32,0.454,0.334
819,2025,Mason Barnett,ATH,5,62,9.45,17,5,0,14,14,3,6,0,1,13,0.315,0.387,0.574,0.406
820,2025,Garrett McDaniels,LAA,10,31,9.45,9,1,0,8,7,2,4,0,1,2,0.346,0.452,0.615,0.455
821,2025,Mason Miller,2 Tms,59,132,1.95,15,2,1,9,8,1,10,0,0,65,0.123,0.189,0.18,0.172
822,2025,AJ Blubaugh,HOU,11,65,1.08,10,1,0,6,2,3,6,0,0,16,0.169,0.246,0.339,0.259
823,2025,Orion Kerkering,PHI,64,158,3.19,32,7,0,13,13,3,14,1,3,40,0.229,0.31,0.343,0.289
824,2025,Troy Melton,DET,16,84,1.29,14,1,0,3,3,3,5,0,1,22,0.182,0.241,0.312,0.245
825,2025,Cade Gibson,MIA,42,118,2.73,22,3,0,10,9,0,8,3,4,26,0.21,0.288,0.238,0.234
826,2025,Zebby Matthews,MIN,16,178,3.89,44,6,0,18,18,3,10,0,0,43,0.267,0.305,0.358,0.291
827,2025,Kodai Senga,NYM,22,218,3.02,41,12,3,20,18,5,19,0,2,50,0.209,0.284,0.378,0.289
828,2025,Kumar Rocker,TEX,14,129,4.35,27,4,2,15,15,5,8,0,2,31,0.229,0.289,0.424,0.308
829,2025,Spencer Schwellenbach,ATL,17,198,2.25,40,12,1,15,13,2,4,0,1,62,0.208,0.227,0.313,0.233
830,2025,Cade Horton,CHC,22,228,2.83,38,9,0,20,18,5,16,0,5,51,0.184,0.26,0.301,0.252
831,2025,Troy Taylor,SEA,8,20,17.18,7,1,0,7,7,1,2,0,1,1,0.438,0.5,0.688,0.49
832,2025,Logan VanWey,HOU,9,28,4.26,7,1,0,4,3,2,3,0,1,5,0.292,0.393,0.583,0.416
833,2025,Adam Mazur,MIA,6,59,1.42,13,4,0,5,2,0,5,0,0,10,0.245,0.305,0.321,0.278
834,2025,Hayden Harris,ATL,3,10,0,1,1,0,0,0,0,2,0,0,0,0.125,0.3,0.25,0.263
835,2025,Brad Lord,WSN,48,275,3.25,61,9,1,26,25,4,16,0,2,43,0.241,0.289,0.332,0.275
836,2025,Parker Messick,CLE,7,121,3.54,35,6,0,11,11,3,5,0,0,29,0.302,0.331,0.431,0.331
837,2025,Thomas Harrington,PIT,3,33,11.37,10,3,0,8,8,2,5,0,0,2,0.357,0.455,0.679,0.476
838,2025,Drew Sommers,DET,4,9,18,3,1,0,2,2,0,3,0,1,1,0.6,0.778,0.8,0.646
839,2025,Cam Schlittler,NYY,14,125,3.6,23,6,0,12,12,4,10,0,5,32,0.211,0.304,0.376,0.301
840,2025,Jonah Tong,NYM,5,46,10.61,15,3,0,13,11,3,5,0,0,12,0.366,0.435,0.659,0.462
841,2025,Luis Morales,ATH,10,99,3.33,18,1,1,9,9,6,10,0,0,23,0.202,0.283,0.438,0.311
842,2025,Hunter Barco,PIT,2,9,0,2,0,0,0,0,0,0,0,0,3,0.222,0.222,0.222,0.196
843,2025,Craig Yoho,MIL,8,25,7.5,5,1,0,5,5,1,4,0,0,5,0.25,0.375,0.45,0.363
844,2025,Seth Halvorsen,COL,39,85,4.74,21,6,1,11,10,2,10,1,0,24,0.284,0.369,0.473,0.361
845,2025,Chase Dollander,COL,21,201,6.22,45,7,0,34,32,6,19,0,4,45,0.256,0.34,0.398,0.326
846,2025,Hurston Waldrep,ATL,10,102,2.77,17,2,0,8,8,1,9,0,2,23,0.189,0.275,0.244,0.241
847,2025,Brandyn Garcia,2 Tms,13,39,5.19,11,1,0,7,5,0,5,0,1,9,0.333,0.436,0.364,0.366
848,2025,Mitch Farris,LAA,5,73,5.63,16,4,2,11,10,1,9,0,1,14,0.262,0.356,0.443,0.344
849,2025,Connelly Early,BOS,4,57,2.63,14,1,0,5,4,0,3,0,0,16,0.259,0.298,0.278,0.26
850,2025,Paul Skenes,PIT,31,339,1.62,60,17,0,17,16,4,14,0,3,92,0.186,0.227,0.276,0.223
851,2025,Logan Evans,SEA,15,176,4.39,41,9,0,25,20,7,16,1,2,34,0.259,0.335,0.449,0.339
852,2025,Nolan McLean,NYM,8,84,3.27,18,2,0,9,8,4,3,0,1,24,0.225,0.262,0.4,0.286
853,2025,Philip Abner,ARI,5,7,9,2,1,0,1,1,0,2,0,0,0,0.4,0.571,0.6,0.502
854,2025,Yoshinobu Yamamoto,LAD,30,353,3.34,60,9,0,35,32,10,36,0,1,105,0.191,0.276,0.315,0.265
855,2025,Yuki Matsui,SDP,60,158,3.52,27,7,1,16,15,4,19,2,1,34,0.201,0.297,0.358,0.283
856,2025,Shota Imanaga,CHC,25,422,3.78,88,16,0,47,46,27,16,0,0,83,0.218,0.247,0.458,0.299
857,2025,Andrew Walters,CLE,2,5,9,2,1,0,1,1,1,0,0,0,1,0.4,0.4,1.2,0.658
858,2025,Yariel Rodríguez,TOR,63,176,2.47,28,5,0,13,13,5,11,1,3,50,0.176,0.241,0.302,0.239
859,2025,Brandon Sproat,NYM,4,42,5.23,7,0,1,6,6,0,6,0,0,8,0.2,0.31,0.257,0.263
860,2025,José Fermin,LAA,37,83,1.89,14,1,0,7,4,2,11,0,1,22,0.2,0.313,0.3,0.281
861,2025,Grant Taylor,CHW,33,68,4.6,20,2,0,8,8,0,3,0,0,25,0.317,0.343,0.349,0.305
862,2025,Jonathan Pintaro,NYM,1,2,54,1,0,0,2,2,0,0,0,0,1,0.5,0.5,0.5,0.441
863,2025,Tomoyuki Sugano,BAL,29,316,4.95,82,11,0,42,40,13,16,1,4,51,0.28,0.323,0.451,0.332
864,2025,Roki Sasaki,LAD,10,76,5.09,16,4,1,10,10,2,7,0,2,13,0.239,0.329,0.418,0.328
865,2025,Shinnosuke Ogasawara,WSN,22,99,7.89,27,6,0,19,19,5,9,0,2,16,0.31,0.384,0.552,0.399
866,2025,Ryan Johnson,LAA,14,47,4.5,14,0,0,6,5,1,3,0,0,14,0.318,0.362,0.386,0.332
867,2025,Chase Burns,CIN,13,90,3.63,19,4,1,11,9,1,4,0,0,33,0.221,0.256,0.326,0.254
868,2025,Trey Yesavage,TOR,3,27,5.4,8,1,0,3,3,0,3,0,0,5,0.333,0.407,0.375,0.352
869,2025,Payton Tolle,BOS,7,59,6.75,14,2,0,10,10,4,6,0,0,16,0.269,0.339,0.538,0.371
